starttime,time,duration,name,ip,song1,song2,favsong,comment
2013-12-22 06:59:47 UTC,2013-12-22 06:59:52 UTC,5.74518919,Kevin,50.177.29.169,IveFoundanewbabyOutputStereoOut.mp3,02BlueDrag.mp3,IveFoundanewbabyOutputStereoOut.mp3,
2013-12-22 06:59:52 UTC,2013-12-22 06:59:55 UTC,3.40260601,Kevin,50.177.29.169,17RocksinMyBedSweetMo.mp3,13MessinwiththeKid.mp3,13MessinwiththeKid.mp3,
2013-12-22 07:00:01 UTC,2013-12-22 07:00:03 UTC,2.817551136,Kevin,50.177.29.169,BluesMyNaughtyOutputStereoOut.mp3,OneOfTheseMorningsOutputStereoOut.mp3,OneOfTheseMorningsOutputStereoOut.mp3,
2013-12-22 07:00:03 UTC,2013-12-22 07:00:05 UTC,2.73405385,Kevin,50.177.29.169,02BlueDrag.mp3,17RocksinMyBedSweetMo.mp3,02BlueDrag.mp3,
2013-12-23 20:11:54 UTC,2013-12-23 20:12:10 UTC,16.03990507,Shawn Hershey,69.156.28.115,14YouareMySunshine.mp3,01TexasMoanerBlues.mp3,14YouareMySunshine.mp3,blah
2013-12-25 22:33:17 UTC,2013-12-25 22:34:41 UTC,84.90201283,Kevin,24.49.15.26,SweetSueOutputStereoOut.mp3,SummerTimeOutputStereoOut.mp3,SweetSueOutputStereoOut.mp3,yay
2013-12-28 02:16:43 UTC,2013-12-28 02:17:22 UTC,39.95220304,Kevin,68.115.241.62,SweetSueOutputStereoOut.mp3,SlowBoattoChinaOutputStereoOut.mp3,SlowBoattoChinaOutputStereoOut.mp3,
2014-01-14 15:40:48 UTC,2014-01-14 15:41:57 UTC,69.89250207,Shawn,204.9.220.42,SweetSueOutputStereoOut.mp3,GeeBabyAintIgoodtoYouOutputStereoOut.mp3,SweetSueOutputStereoOut.mp3,about to start
2014-01-14 15:47:52 UTC,2014-01-14 16:01:23 UTC,811.5614531,Shawn,204.9.220.42,GetonWithItOutputStereoOut.mp3,17RocksinMyBedSweetMo.mp3,17RocksinMyBedSweetMo.mp3,Going live!
2014-01-14 16:05:37 UTC,2014-01-14 16:10:40 UTC,303.049299,Mike t.G.,146.115.155.98,RocksinMyBedOutputStereoOutk.mp3,IveFoundanewbabyOutputStereoOut.mp3,IveFoundanewbabyOutputStereoOut.mp3,The solos on left song are not my favorite.
2014-01-14 16:10:06 UTC,2014-01-14 16:13:42 UTC,216.4161501,"Miss Micki says she's torn. She chose this because she thinks it sounds better, and also awesome, but st. james infirmary is so overdone in general. But I like yours. Hence, the torn",50.241.127.46,15SaintJamesSweetMo.mp3,18CloserWalkwithTheeSweetMo.mp3,15SaintJamesSweetMo.mp3,
2014-01-14 16:06:34 UTC,2014-01-14 16:15:20 UTC,526.8155971,Kevin,50.138.183.238,ToughTruckinOutputStereoOut.mp3,02BlueDrag.mp3,ToughTruckinOutputStereoOut.mp3,"Blue drag is great, but I like the feel a lot on Tough Truckin. Tough one, but tough truckin."
2014-01-14 16:10:40 UTC,2014-01-14 16:20:22 UTC,582.5985129,Mike t.G.,146.115.155.98,15SaintJamesSweetMo.mp3,07BlackandBlueSweetMo.mp3,15SaintJamesSweetMo.mp3,"Love both tunes, but the recording on the right didn't feel like it decided what it wanted to be... just didn't gel as well as leftie."
2014-01-14 16:20:22 UTC,2014-01-14 16:23:43 UTC,201.2047439,,146.115.155.98,17RocksinMyBedSweetMo.mp3,14YouareMySunshine.mp3,14YouareMySunshine.mp3,The singer on the left is trying awfully hard. She sounds like a pop singer.
2014-01-14 16:23:43 UTC,2014-01-14 16:27:16 UTC,213.536803,,146.115.155.98,DoYouKnowWhatitMeansOutputStereoOut.mp3,SweetSueOutputStereoOut.mp3,SweetSueOutputStereoOut.mp3,Singer on the left seems off-pitch sometimes. Right tune is kickin!
2014-01-14 16:26:46 UTC,2014-01-14 16:27:34 UTC,48.44476604,,209.6.205.61,AllOfMeOutputStereoOut.mp3,SaintJamesInfirmaryOutputStereoOut.mp3,AllOfMeOutputStereoOut.mp3,
2014-01-14 16:22:04 UTC,2014-01-14 16:30:23 UTC,499.1914408,,141.161.133.243,17RocksinMyBedSweetMo.mp3,BluesMyNaughtyOutputStereoOut.mp3,BluesMyNaughtyOutputStereoOut.mp3,
2014-01-14 16:30:23 UTC,2014-01-14 16:30:47 UTC,24.05966115,,141.161.133.243,OntheSunnySideoftheStreetOutputStereoOut.mp3,SaintJamesInfirmaryOutputStereoOut.mp3,OntheSunnySideoftheStreetOutputStereoOut.mp3,
2014-01-14 16:27:37 UTC,2014-01-14 16:31:57 UTC,260.4555809,,4.36.195.100,18CloserWalkwithTheeSweetMo.mp3,HoochieCoochieManOutputStereoOut.mp3,18CloserWalkwithTheeSweetMo.mp3,
2014-01-14 16:35:58 UTC,2014-01-14 16:36:40 UTC,42.8395679,,209.6.205.61,SweetSueOutputStereoOut.mp3,PoisonOutputStereoOut.mp3,PoisonOutputStereoOut.mp3,
2014-01-14 16:27:16 UTC,2014-01-14 16:38:47 UTC,691.9397819,Mike t.G.,146.115.155.98,BornLoverOutputStereoOut.mp3,PelicanDragOutputStereoOut.mp3,PelicanDragOutputStereoOut.mp3,"Right right right! So good! Left starts strong, but starts to feel a bit redundant. Right kicks all the ass."
2014-01-14 16:16:08 UTC,2014-01-14 16:39:59 UTC,1431.588795,Jeff Bernstein,24.34.161.2,DarkEyesOutputStereoOut.mp3,SaintJamesInfirmaryOutputStereoOut.mp3,DarkEyesOutputStereoOut.mp3,
2014-01-14 16:39:59 UTC,2014-01-14 16:40:09 UTC,10.52135706,Jeff Bernstein,24.34.161.2,DarkEyesOutputStereoOut.mp3,GeeBabyAintIgoodtoYouOutputStereoOut.mp3,GeeBabyAintIgoodtoYouOutputStereoOut.mp3,
2014-01-14 16:15:20 UTC,2014-01-14 16:41:44 UTC,1584.905294,Kevin,50.138.183.238,DarkEyesOutputStereoOut.mp3,12GetonWithItSweetMo.mp3,DarkEyesOutputStereoOut.mp3,
2014-01-14 16:38:47 UTC,2014-01-14 16:42:40 UTC,233.300205,,146.115.155.98,DoYouKnowWhatitMeansOutputStereoOut.mp3,07BlackandBlueSweetMo.mp3,07BlackandBlueSweetMo.mp3,Right for the win!
2014-01-14 16:29:19 UTC,2014-01-14 16:43:57 UTC,878.7110689,,173.32.237.30,ItsalrightwithmeOutputStereoOut.mp3,CloserWalkWithTheeOutputStereoOut.mp3,ItsalrightwithmeOutputStereoOut.mp3,
2014-01-14 16:43:50 UTC,2014-01-14 16:45:39 UTC,109.0293481,Jeff Bernstein,24.34.161.2,DarkEyesOutputStereoOut.mp3,JoshandMattDuoOutputStereoOut.mp3,DarkEyesOutputStereoOut.mp3,
2014-01-14 16:47:38 UTC,2014-01-14 16:52:00 UTC,262.2001679,,69.180.161.187,HoochieCoochieManOutputStereoOut.mp3,CloserWalkWithTheeOutputStereoOut.mp3,CloserWalkWithTheeOutputStereoOut.mp3,
2014-01-14 16:42:40 UTC,2014-01-14 16:55:07 UTC,747.318188,,146.115.155.98,SisterKateOutputStereoOut.mp3,ToughTruckinOutputStereoOut.mp3,ToughTruckinOutputStereoOut.mp3,"Seems like the singer on the left jumps in at an 11, while the band is easing in at a 6."
2014-01-14 16:45:39 UTC,2014-01-14 16:55:26 UTC,587.0838201,Jeff Bernstein,24.34.161.2,SisterKateOutputStereoOut.mp3,SweetSueOutputStereoOut.mp3,SweetSueOutputStereoOut.mp3,
2014-01-14 16:55:26 UTC,2014-01-14 16:59:35 UTC,249.7194829,Jeff Bernstein,24.34.161.2,DarkEyesOutputStereoOut.mp3,01TexasMoanerBlues.mp3,DarkEyesOutputStereoOut.mp3,
2014-01-14 16:49:13 UTC,2014-01-14 16:59:49 UTC,636.840893,,216.239.45.74,OneOfTheseMorningsOutputStereoOut.mp3,HoochieCoochieManOutputStereoOut.mp3,HoochieCoochieManOutputStereoOut.mp3,I like this one better because it has more piano solo. Other than that they're about equally good. - rif
2014-01-14 16:59:35 UTC,2014-01-14 17:01:06 UTC,91.40714192,Jeff Bernstein,24.34.161.2,DarkEyesOutputStereoOut.mp3,AllOfMeOutputStereoOut.mp3,DarkEyesOutputStereoOut.mp3,
2014-01-14 16:49:40 UTC,2014-01-14 17:14:04 UTC,1464.566726,Tia,96.24.28.112,15SaintJamesSweetMo.mp3,02BlueDrag.mp3,02BlueDrag.mp3,"Aaaah, how can you make me choose between these two? I hope you end up releasing a B-Side album eventually. Cause damn."
2014-01-14 16:59:50 UTC,2014-01-14 17:14:40 UTC,890.488194,,216.239.45.74,BluesMyNaughtyOutputStereoOut.mp3,ComesLoveOutputStereoOut.mp3,ComesLoveOutputStereoOut.mp3,
2014-01-14 17:11:50 UTC,2014-01-14 17:14:46 UTC,176.946665,,18.111.34.240,ToughTruckinOutputStereoOut.mp3,ComesLoveOutputStereoOut.mp3,ToughTruckinOutputStereoOut.mp3,
2014-01-14 17:14:47 UTC,2014-01-14 17:15:48 UTC,61.14295912,,18.111.34.240,SexyandIknowit.mp3,SisterKateOutputStereoOut.mp3,SexyandIknowit.mp3,I didn't love Tough Truckin OR Comes Love.
2014-01-14 17:15:48 UTC,2014-01-14 17:16:42 UTC,54.90719104,,18.111.34.240,SummerTimeOutputStereoOut.mp3,WorkSongOutputStereoOut.mp3,SummerTimeOutputStereoOut.mp3,Comes Love is too long to DJ in good faith!
2014-01-14 17:16:42 UTC,2014-01-14 17:16:50 UTC,8.44859004,,18.111.34.240,SexyandIknowit.mp3,ComesLoveOutputStereoOut.mp3,SexyandIknowit.mp3,
2014-01-14 17:16:50 UTC,2014-01-14 17:17:44 UTC,54.68164301,,18.111.34.240,RocksinMyBedOutputStereoOut1.mp3,DoYouKnowWhatitMeansOutputStereoOut.mp3,RocksinMyBedOutputStereoOut1.mp3,
2014-01-14 17:17:44 UTC,2014-01-14 17:17:48 UTC,4.476785898,,18.111.34.240,RocksinMyBedOutputStereoOut1.mp3,DoYouKnowWhatitMeansOutputStereoOut.mp3,RocksinMyBedOutputStereoOut1.mp3,
2014-01-14 17:17:48 UTC,2014-01-14 17:18:19 UTC,31.55503106,,18.111.34.240,07BlackandBlueSweetMo.mp3,SlowBoattoChinaOutputStereoOut.mp3,SlowBoattoChinaOutputStereoOut.mp3,
2014-01-14 17:14:40 UTC,2014-01-14 17:26:29 UTC,709.5758049,I'm not in love with the vocals on this one.,216.239.45.74,DoYouKnowWhatitMeansOutputStereoOut.mp3,17RocksinMyBedSweetMo.mp3,17RocksinMyBedSweetMo.mp3,
2014-01-14 17:26:29 UTC,2014-01-14 17:26:37 UTC,8.07891798,I'm not in love with the vocals on this one.,216.239.45.74,WorkSongOutputStereoOut.mp3,17RocksinMyBedSweetMo.mp3,17RocksinMyBedSweetMo.mp3,
2014-01-14 17:39:06 UTC,2014-01-14 17:46:28 UTC,442.1453938,,74.71.133.37,GetonWithItOutputStereoOut.mp3,SisterKateOutputStereoOut.mp3,SisterKateOutputStereoOut.mp3,
2014-01-14 17:18:19 UTC,2014-01-14 17:50:06 UTC,1907.15295,,18.111.34.240,17RocksinMyBedSweetMo.mp3,CenterpieceOutputStereoOut.mp3,17RocksinMyBedSweetMo.mp3,
2014-01-14 17:52:39 UTC,2014-01-14 18:02:11 UTC,572.098315,Kevin,50.138.183.238,PelicanDragOutputStereoOut.mp3,IveFoundanewbabyOutputStereoOut.mp3,PelicanDragOutputStereoOut.mp3,
2014-01-14 18:02:11 UTC,2014-01-14 18:17:56 UTC,945.5374269,Kevin,50.138.183.238,DoYouKnowWhatitMeansOutputStereoOut.mp3,SisterKateOutputStereoOut.mp3,SisterKateOutputStereoOut.mp3,
2014-01-14 18:17:56 UTC,2014-01-14 18:23:05 UTC,309.3966599,Kevin,50.138.183.238,PelicanDragOutputStereoOut.mp3,RocksinMyBedOutputStereoOut1.mp3,PelicanDragOutputStereoOut.mp3,
2014-01-14 17:01:06 UTC,2014-01-14 18:23:17 UTC,4931.118035,Jeff Bernstein,24.34.161.2,ToughTruckinOutputStereoOut.mp3,RocksinMyBedOutputStereoOutk.mp3,ToughTruckinOutputStereoOut.mp3,
2014-01-14 18:23:17 UTC,2014-01-14 18:32:30 UTC,553.8033259,Jeff Bernstein,24.34.161.2,PelicanDragOutputStereoOut.mp3,RocksinMyBedOutputStereoOut1.mp3,PelicanDragOutputStereoOut.mp3,
2014-01-14 18:33:28 UTC,2014-01-14 18:38:33 UTC,305.3891089,Jeff Bernstein,24.34.161.2,02BlueDrag.mp3,WorkSongOutputStereoOut.mp3,02BlueDrag.mp3,
2014-01-14 18:29:18 UTC,2014-01-14 18:50:44 UTC,1286.163997,yer sis,69.203.151.24,DoYouKnowWhatitMeansOutputStereoOut.mp3,AllOfMeOutputStereoOut.mp3,AllOfMeOutputStereoOut.mp3,I like All of Me better. I think the sound quality might be better. The other one sounded a little muffled on my system.
2014-01-14 18:49:42 UTC,2014-01-14 18:53:08 UTC,206.1079612,,128.36.197.101,SaintJamesInfirmaryOutputStereoOut.mp3,HeyCupid.mp3,SaintJamesInfirmaryOutputStereoOut.mp3,
2014-01-14 18:50:44 UTC,2014-01-14 19:01:16 UTC,632.9022532,yer sis,69.203.151.24,CloserWalkWithTheeOutputStereoOut.mp3,15SaintJamesSweetMo.mp3,CloserWalkWithTheeOutputStereoOut.mp3,"(close callâ€¦ I like Saint James better cuz of the trumpet feature, but enjoyed Closer Walk with Thee, too. On the All of Me vs. Do You Know What It Means, I didn't enjoy that singer quite as much.)"
2014-01-14 19:12:37 UTC,2014-01-14 19:34:46 UTC,1329.412312,,96.233.19.109,17RocksinMyBedSweetMo.mp3,CenterpieceOutputStereoOut.mp3,CenterpieceOutputStereoOut.mp3,
2014-01-14 19:59:03 UTC,2014-01-14 20:24:33 UTC,1530.576783,,69.201.161.243,PelicanDragOutputStereoOut.mp3,BornLoverOutputStereoOut.mp3,PelicanDragOutputStereoOut.mp3,
2014-01-14 20:24:33 UTC,2014-01-14 20:33:22 UTC,529.115165,,69.201.161.243,SisterKateOutputStereoOut.mp3,GeeBabyAintIgoodtoYouOutputStereoOut.mp3,GeeBabyAintIgoodtoYouOutputStereoOut.mp3,
2014-01-14 20:25:55 UTC,2014-01-14 20:45:56 UTC,1201.069396,Shawn Hershey,204.9.220.42,SweetSueOutputStereoOut.mp3,BluesMyNaughtyOutputStereoOut.mp3,BluesMyNaughtyOutputStereoOut.mp3,
2014-01-14 20:57:26 UTC,2014-01-14 21:12:59 UTC,933.2025878,,137.54.18.241,CloserWalkWithTheeOutputStereoOut.mp3,ItsalrightwithmeOutputStereoOut.mp3,CloserWalkWithTheeOutputStereoOut.mp3,
2014-01-14 20:45:56 UTC,2014-01-14 21:18:20 UTC,1944.426259,Shawn Hershey,204.9.220.42,GeeBabyAintIgoodtoYouOutputStereoOut.mp3,DarkEyesOutputStereoOut.mp3,DarkEyesOutputStereoOut.mp3,
2014-01-14 20:33:22 UTC,2014-01-14 22:38:38 UTC,7516.698724,,69.201.161.243,18CloserWalkwithTheeSweetMo.mp3,OntheSunnySideoftheStreetOutputStereoOut.mp3,18CloserWalkwithTheeSweetMo.mp3,
2014-01-14 23:03:34 UTC,2014-01-14 23:03:39 UTC,5.517739058,,74.71.133.37,PelicanDragOutputStereoOut.mp3,07BlackandBlueSweetMo.mp3,PelicanDragOutputStereoOut.mp3,
2014-01-14 23:03:49 UTC,2014-01-14 23:11:00 UTC,431.866504,"Love this one so much! Yes! Blues me some naughty, sweety. (This is Natalya)",74.71.133.37,BluesMyNaughtyOutputStereoOut.mp3,14YouareMySunshine.mp3,BluesMyNaughtyOutputStereoOut.mp3,
2014-01-14 23:11:00 UTC,2014-01-14 23:15:47 UTC,287.0669482,"Love this one so much! Yes! Blues me some naughty, sweety. (This is Natalya)",74.71.133.37,SweetSueOutputStereoOut.mp3,AllOfMeOutputStereoOut.mp3,AllOfMeOutputStereoOut.mp3,
2014-01-14 23:16:29 UTC,2014-01-14 23:16:37 UTC,8.064113855,"Love this one so much! Yes! Blues me some naughty, sweety. (This is Natalya)",74.71.133.37,18CloserWalkwithTheeSweetMo.mp3,02BlueDrag.mp3,02BlueDrag.mp3,
2014-01-14 23:03:31 UTC,2014-01-14 23:30:58 UTC,1647.78669,,140.247.87.65,ItsalrightwithmeOutputStereoOut.mp3,ToughTruckinOutputStereoOut.mp3,ItsalrightwithmeOutputStereoOut.mp3,
2014-01-14 23:30:58 UTC,2014-01-14 23:39:51 UTC,533.341553,,140.247.87.65,BluesMyNaughtyOutputStereoOut.mp3,SlowBoattoChinaOutputStereoOut.mp3,SlowBoattoChinaOutputStereoOut.mp3,OMG ALL OF THESE SONGS ARE SO GOOD! WHY ARE YOU MAKING ME CHOOSE
2014-01-14 23:39:51 UTC,2014-01-14 23:50:59 UTC,668.019933,,140.247.87.65,16TheSkyisCrying.mp3,HoochieCoochieManOutputStereoOut.mp3,HoochieCoochieManOutputStereoOut.mp3,
2014-01-14 23:50:59 UTC,2014-01-15 00:04:00 UTC,781.7470419,,140.247.87.65,ComesLoveOutputStereoOut.mp3,18CloserWalkwithTheeSweetMo.mp3,ComesLoveOutputStereoOut.mp3,
2014-01-15 00:04:00 UTC,2014-01-15 00:12:16 UTC,496.5241389,,140.247.87.65,SisterKateOutputStereoOut.mp3,AllOfMeOutputStereoOut.mp3,AllOfMeOutputStereoOut.mp3,
2014-01-15 00:12:16 UTC,2014-01-15 00:21:44 UTC,568.5064509,,140.247.87.65,01TexasMoanerBlues.mp3,07BlackandBlueSweetMo.mp3,01TexasMoanerBlues.mp3,
2014-01-15 00:21:44 UTC,2014-01-15 00:33:19 UTC,695.985512,,140.247.87.65,16TheSkyisCrying.mp3,GeeBabyAintIgoodtoYouOutputStereoOut.mp3,GeeBabyAintIgoodtoYouOutputStereoOut.mp3,
2014-01-15 00:33:20 UTC,2014-01-15 00:45:11 UTC,711.9641221,,140.247.87.65,RocksinMyBedOutputStereoOutk.mp3,CloserWalkWithTheeOutputStereoOut.mp3,RocksinMyBedOutputStereoOutk.mp3,
2014-01-15 00:45:12 UTC,2014-01-15 01:38:24 UTC,3192.372714,,140.247.87.65,SlowBoattoChinaOutputStereoOut.mp3,01TexasMoanerBlues.mp3,01TexasMoanerBlues.mp3,
2014-01-15 01:38:24 UTC,2014-01-15 01:48:32 UTC,608.8714299,,140.247.87.65,AllOfMeOutputStereoOut.mp3,SaintJamesInfirmaryOutputStereoOut.mp3,AllOfMeOutputStereoOut.mp3,
2014-01-15 01:48:33 UTC,2014-01-15 02:02:23 UTC,830.03476,,140.247.87.65,SummerTimeOutputStereoOut.mp3,PelicanDragOutputStereoOut.mp3,PelicanDragOutputStereoOut.mp3,
2014-01-15 02:02:23 UTC,2014-01-15 02:14:36 UTC,733.5049291,,140.247.87.65,BornLoverOutputStereoOut.mp3,GetonWithItOutputStereoOut.mp3,GetonWithItOutputStereoOut.mp3,
2014-01-15 02:14:36 UTC,2014-01-15 02:58:08 UTC,2612.7445,,140.247.87.65,RocksinMyBedOutputStereoOutk.mp3,CloserWalkWithTheeOutputStereoOut.mp3,CloserWalkWithTheeOutputStereoOut.mp3,I had falafel for breakfast this morning
2014-01-15 04:13:32 UTC,2014-01-15 04:23:35 UTC,603.148041,,74.12.168.158,DoYouKnowWhatitMeansOutputStereoOut.mp3,IveFoundanewbabyOutputStereoOut.mp3,IveFoundanewbabyOutputStereoOut.mp3,
2014-01-15 04:23:35 UTC,2014-01-15 04:33:28 UTC,593.6494331,,74.12.168.158,SisterKateOutputStereoOut.mp3,17RocksinMyBedSweetMo.mp3,SisterKateOutputStereoOut.mp3,
2014-01-15 04:33:28 UTC,2014-01-15 04:39:42 UTC,374.663456,,74.12.168.158,HoochieCoochieManOutputStereoOut.mp3,02BlueDrag.mp3,HoochieCoochieManOutputStereoOut.mp3,
2014-01-15 04:39:42 UTC,2014-01-15 04:53:08 UTC,806.567677,,74.12.168.158,SisterKateOutputStereoOut.mp3,PelicanDragOutputStereoOut.mp3,SisterKateOutputStereoOut.mp3,
2014-01-15 04:53:08 UTC,2014-01-15 04:56:05 UTC,177.3294411,,74.12.168.158,15SaintJamesSweetMo.mp3,17RocksinMyBedSweetMo.mp3,17RocksinMyBedSweetMo.mp3,
2014-01-15 04:56:05 UTC,2014-01-15 05:00:29 UTC,264.1874261,,74.12.168.158,ToughTruckinOutputStereoOut.mp3,HoochieCoochieManOutputStereoOut.mp3,ToughTruckinOutputStereoOut.mp3,
2014-01-15 05:00:29 UTC,2014-01-15 05:04:50 UTC,261.9647,,74.12.168.158,PelicanDragOutputStereoOut.mp3,OntheSunnySideoftheStreetOutputStereoOut.mp3,PelicanDragOutputStereoOut.mp3,
2014-01-15 05:04:51 UTC,2014-01-15 05:09:02 UTC,251.6513081,,74.12.168.158,SlowBoattoChinaOutputStereoOut.mp3,JoshandMattDuoOutputStereoOut.mp3,SlowBoattoChinaOutputStereoOut.mp3,
2014-01-15 05:09:02 UTC,2014-01-15 05:15:27 UTC,385.157515,,74.12.168.158,07BlackandBlueSweetMo.mp3,RocksinMyBedOutputStereoOut1.mp3,RocksinMyBedOutputStereoOut1.mp3,
2014-01-15 05:15:27 UTC,2014-01-15 05:18:55 UTC,208.1344981,,74.12.168.158,GeeBabyAintIgoodtoYouOutputStereoOut.mp3,WorkSongOutputStereoOut.mp3,GeeBabyAintIgoodtoYouOutputStereoOut.mp3,
2014-01-15 05:18:55 UTC,2014-01-15 05:23:09 UTC,254.6354449,,74.12.168.158,SisterKateOutputStereoOut.mp3,PoisonOutputStereoOut.mp3,SisterKateOutputStereoOut.mp3,
2014-01-15 05:23:09 UTC,2014-01-15 05:24:21 UTC,72.82047582,,74.12.168.158,18CloserWalkwithTheeSweetMo.mp3,13MessinwiththeKid.mp3,13MessinwiththeKid.mp3,
2014-01-15 05:24:21 UTC,2014-01-15 05:26:40 UTC,139.9138482,,74.12.168.158,ToughTruckinOutputStereoOut.mp3,PoisonOutputStereoOut.mp3,ToughTruckinOutputStereoOut.mp3,
2014-01-15 05:52:43 UTC,2014-01-15 05:54:58 UTC,135.388577,,24.128.49.204,16TheSkyisCrying.mp3,PoisonOutputStereoOut.mp3,PoisonOutputStereoOut.mp3,
2014-01-15 05:54:58 UTC,2014-01-15 05:55:50 UTC,52.82972789,,24.128.49.204,HoochieCoochieManOutputStereoOut.mp3,16TheSkyisCrying.mp3,16TheSkyisCrying.mp3,
2014-01-15 05:55:50 UTC,2014-01-15 05:56:20 UTC,30.3593421,,24.128.49.204,GetonWithItOutputStereoOut.mp3,IveFoundanewbabyOutputStereoOut.mp3,IveFoundanewbabyOutputStereoOut.mp3,
2014-01-15 05:56:20 UTC,2014-01-15 05:56:36 UTC,16.94877386,,24.128.49.204,02BlueDrag.mp3,SweetSueOutputStereoOut.mp3,02BlueDrag.mp3,
2014-01-15 05:56:37 UTC,2014-01-15 05:56:50 UTC,13.34177685,,24.128.49.204,16TheSkyisCrying.mp3,02BlueDrag.mp3,02BlueDrag.mp3,
2014-01-15 05:56:50 UTC,2014-01-15 05:57:44 UTC,54.66659498,,24.128.49.204,JoshandMattDuoOutputStereoOut.mp3,GetonWithItOutputStereoOut.mp3,JoshandMattDuoOutputStereoOut.mp3,
2014-01-15 05:57:44 UTC,2014-01-15 05:57:54 UTC,10.26830602,,24.128.49.204,GetonWithItOutputStereoOut.mp3,07BlackandBlueSweetMo.mp3,07BlackandBlueSweetMo.mp3,
2014-01-15 05:57:54 UTC,2014-01-15 05:58:54 UTC,60.45893407,,24.128.49.204,CenterpieceOutputStereoOut.mp3,WorkSongOutputStereoOut.mp3,WorkSongOutputStereoOut.mp3,
2014-01-15 05:58:54 UTC,2014-01-15 05:59:03 UTC,9.053763151,,24.128.49.204,SweetSueOutputStereoOut.mp3,IveFoundanewbabyOutputStereoOut.mp3,IveFoundanewbabyOutputStereoOut.mp3,
2014-01-15 05:59:03 UTC,2014-01-15 05:59:14 UTC,11.6530838,,24.128.49.204,IveFoundanewbabyOutputStereoOut.mp3,DarkEyesOutputStereoOut.mp3,IveFoundanewbabyOutputStereoOut.mp3,
2014-01-15 05:59:14 UTC,2014-01-15 05:59:35 UTC,21.72329593,,24.128.49.204,BluesMyNaughtyOutputStereoOut.mp3,HoochieCoochieManOutputStereoOut.mp3,HoochieCoochieManOutputStereoOut.mp3,
2014-01-15 05:59:35 UTC,2014-01-15 06:00:04 UTC,29.0965209,,24.128.49.204,CloserWalkWithTheeOutputStereoOut.mp3,GetonWithItOutputStereoOut.mp3,GetonWithItOutputStereoOut.mp3,
2014-01-15 06:00:04 UTC,2014-01-15 06:00:07 UTC,3.334656,,24.128.49.204,02BlueDrag.mp3,07BlackandBlueSweetMo.mp3,02BlueDrag.mp3,
2014-01-15 06:00:07 UTC,2014-01-15 06:00:31 UTC,24.02223682,,24.128.49.204,IveFoundanewbabyOutputStereoOut.mp3,OneOfTheseMorningsOutputStereoOut.mp3,IveFoundanewbabyOutputStereoOut.mp3,
2014-01-15 06:00:31 UTC,2014-01-15 06:00:42 UTC,11.21047497,,24.128.49.204,AllOfMeOutputStereoOut.mp3,SaintJamesInfirmaryOutputStereoOut.mp3,SaintJamesInfirmaryOutputStereoOut.mp3,
2014-01-15 06:00:42 UTC,2014-01-15 06:00:45 UTC,3.151239872,,24.128.49.204,HoochieCoochieManOutputStereoOut.mp3,PoisonOutputStereoOut.mp3,PoisonOutputStereoOut.mp3,
2014-01-15 06:00:45 UTC,2014-01-15 06:00:57 UTC,12.38341308,,24.128.49.204,15SaintJamesSweetMo.mp3,SummerTimeOutputStereoOut.mp3,15SaintJamesSweetMo.mp3,
2014-01-15 06:00:57 UTC,2014-01-15 06:01:28 UTC,31.83312011,,24.128.49.204,RocksinMyBedOutputStereoOut1.mp3,13MessinwiththeKid.mp3,RocksinMyBedOutputStereoOut1.mp3,
2014-01-15 06:01:28 UTC,2014-01-15 06:01:38 UTC,10.89692211,,24.128.49.204,DoYouKnowWhatitMeansOutputStereoOut.mp3,02BlueDrag.mp3,02BlueDrag.mp3,
2014-01-15 06:01:39 UTC,2014-01-15 06:03:00 UTC,81.64302397,,24.128.49.204,DarkEyesOutputStereoOut.mp3,HeyCupid.mp3,DarkEyesOutputStereoOut.mp3,
2014-01-15 06:03:00 UTC,2014-01-15 06:03:07 UTC,7.484602928,,24.128.49.204,OntheSunnySideoftheStreetOutputStereoOut.mp3,SummerTimeOutputStereoOut.mp3,SummerTimeOutputStereoOut.mp3,
2014-01-15 06:03:07 UTC,2014-01-15 06:03:16 UTC,9.759707928,,24.128.49.204,JoshandMattDuoOutputStereoOut.mp3,01TexasMoanerBlues.mp3,01TexasMoanerBlues.mp3,
2014-01-15 06:03:16 UTC,2014-01-15 06:04:16 UTC,60.70823288,,24.128.49.204,RocksinMyBedOutputStereoOut1.mp3,GeeBabyAintIgoodtoYouOutputStereoOut.mp3,RocksinMyBedOutputStereoOut1.mp3,
2014-01-15 06:04:16 UTC,2014-01-15 06:04:24 UTC,8.573857069,,24.128.49.204,SexyandIknowit.mp3,HeyCupid.mp3,SexyandIknowit.mp3,
2014-01-15 06:04:24 UTC,2014-01-15 06:04:32 UTC,8.769207001,,24.128.49.204,CenterpieceOutputStereoOut.mp3,OneOfTheseMorningsOutputStereoOut.mp3,CenterpieceOutputStereoOut.mp3,
2014-01-15 06:04:32 UTC,2014-01-15 06:05:21 UTC,49.37170315,,24.128.49.204,18CloserWalkwithTheeSweetMo.mp3,07BlackandBlueSweetMo.mp3,18CloserWalkwithTheeSweetMo.mp3,
2014-01-15 06:05:21 UTC,2014-01-15 06:05:28 UTC,7.265614033,,24.128.49.204,ItsalrightwithmeOutputStereoOut.mp3,HeyCupid.mp3,ItsalrightwithmeOutputStereoOut.mp3,
2014-01-15 06:05:28 UTC,2014-01-15 06:05:35 UTC,7.941674948,,24.128.49.204,CenterpieceOutputStereoOut.mp3,ItsalrightwithmeOutputStereoOut.mp3,CenterpieceOutputStereoOut.mp3,
2014-01-15 06:05:36 UTC,2014-01-15 06:05:49 UTC,13.84882617,,24.128.49.204,IveFoundanewbabyOutputStereoOut.mp3,ToughTruckinOutputStereoOut.mp3,ToughTruckinOutputStereoOut.mp3,
2014-01-15 06:05:49 UTC,2014-01-15 06:05:53 UTC,4.020891905,,24.128.49.204,RocksinMyBedOutputStereoOutk.mp3,SexyandIknowit.mp3,RocksinMyBedOutputStereoOutk.mp3,
2014-01-15 06:05:53 UTC,2014-01-15 06:05:55 UTC,2.24338603,,24.128.49.204,HeyCupid.mp3,17RocksinMyBedSweetMo.mp3,17RocksinMyBedSweetMo.mp3,
2014-01-15 06:05:55 UTC,2014-01-15 06:05:57 UTC,2.964540958,,24.128.49.204,SweetSueOutputStereoOut.mp3,02BlueDrag.mp3,02BlueDrag.mp3,
2014-01-15 06:05:58 UTC,2014-01-15 06:06:05 UTC,7.898772001,,24.128.49.204,SaintJamesInfirmaryOutputStereoOut.mp3,SisterKateOutputStereoOut.mp3,SaintJamesInfirmaryOutputStereoOut.mp3,
2014-01-15 06:06:05 UTC,2014-01-15 06:06:24 UTC,19.08207798,,24.128.49.204,14YouareMySunshine.mp3,17RocksinMyBedSweetMo.mp3,14YouareMySunshine.mp3,
2014-01-15 06:06:24 UTC,2014-01-15 06:06:35 UTC,11.57512593,,24.128.49.204,CenterpieceOutputStereoOut.mp3,WorkSongOutputStereoOut.mp3,CenterpieceOutputStereoOut.mp3,
2014-01-15 06:06:35 UTC,2014-01-15 06:06:48 UTC,13.32790399,,24.128.49.204,GeeBabyAintIgoodtoYouOutputStereoOut.mp3,RocksinMyBedOutputStereoOutk.mp3,GeeBabyAintIgoodtoYouOutputStereoOut.mp3,
2014-01-15 06:06:48 UTC,2014-01-15 06:06:51 UTC,3.951713085,,24.128.49.204,BluesMyNaughtyOutputStereoOut.mp3,CloserWalkWithTheeOutputStereoOut.mp3,CloserWalkWithTheeOutputStereoOut.mp3,
2014-01-15 06:06:52 UTC,2014-01-15 06:06:58 UTC,6.101084948,,24.128.49.204,AllOfMeOutputStereoOut.mp3,ComesLoveOutputStereoOut.mp3,ComesLoveOutputStereoOut.mp3,
2014-01-15 06:06:58 UTC,2014-01-15 06:07:00 UTC,2.330164909,,24.128.49.204,GeeBabyAintIgoodtoYouOutputStereoOut.mp3,02BlueDrag.mp3,02BlueDrag.mp3,
2014-01-15 06:07:00 UTC,2014-01-15 06:07:06 UTC,6.061120987,,24.128.49.204,ItsalrightwithmeOutputStereoOut.mp3,JoshandMattDuoOutputStereoOut.mp3,ItsalrightwithmeOutputStereoOut.mp3,
2014-01-15 06:07:06 UTC,2014-01-15 06:07:08 UTC,2.864231825,,24.128.49.204,PoisonOutputStereoOut.mp3,GeeBabyAintIgoodtoYouOutputStereoOut.mp3,PoisonOutputStereoOut.mp3,
2014-01-15 06:07:08 UTC,2014-01-15 06:07:14 UTC,6.742041111,,24.128.49.204,OneOfTheseMorningsOutputStereoOut.mp3,CenterpieceOutputStereoOut.mp3,CenterpieceOutputStereoOut.mp3,
2014-01-15 06:07:14 UTC,2014-01-15 06:07:17 UTC,3.33694315,,24.128.49.204,15SaintJamesSweetMo.mp3,07BlackandBlueSweetMo.mp3,15SaintJamesSweetMo.mp3,
2014-01-15 06:07:17 UTC,2014-01-15 06:07:25 UTC,8.135150194,,24.128.49.204,18CloserWalkwithTheeSweetMo.mp3,DarkEyesOutputStereoOut.mp3,18CloserWalkwithTheeSweetMo.mp3,
2014-01-15 06:07:25 UTC,2014-01-15 06:07:28 UTC,3.856868029,,24.128.49.204,ComesLoveOutputStereoOut.mp3,16TheSkyisCrying.mp3,ComesLoveOutputStereoOut.mp3,
2014-01-15 06:07:29 UTC,2014-01-15 06:07:31 UTC,2.180931091,,24.128.49.204,AllOfMeOutputStereoOut.mp3,ComesLoveOutputStereoOut.mp3,ComesLoveOutputStereoOut.mp3,
2014-01-15 06:07:31 UTC,2014-01-15 06:07:37 UTC,6.014140844,,24.128.49.204,14YouareMySunshine.mp3,12GetonWithItSweetMo.mp3,14YouareMySunshine.mp3,
2014-01-15 06:07:37 UTC,2014-01-15 06:08:03 UTC,26.74930406,,24.128.49.204,OneOfTheseMorningsOutputStereoOut.mp3,18CloserWalkwithTheeSweetMo.mp3,OneOfTheseMorningsOutputStereoOut.mp3,
2014-01-15 06:08:03 UTC,2014-01-15 06:08:06 UTC,3.27128005,,24.128.49.204,13MessinwiththeKid.mp3,17RocksinMyBedSweetMo.mp3,17RocksinMyBedSweetMo.mp3,
2014-01-15 06:08:06 UTC,2014-01-15 06:08:14 UTC,8.005109072,,24.128.49.204,RocksinMyBedOutputStereoOutk.mp3,GetonWithItOutputStereoOut.mp3,RocksinMyBedOutputStereoOutk.mp3,
2014-01-15 06:08:14 UTC,2014-01-15 06:08:18 UTC,4.44361186,,24.128.49.204,OneOfTheseMorningsOutputStereoOut.mp3,SweetSueOutputStereoOut.mp3,OneOfTheseMorningsOutputStereoOut.mp3,
2014-01-15 06:08:18 UTC,2014-01-15 06:08:21 UTC,3.292827845,,24.128.49.204,SummerTimeOutputStereoOut.mp3,12GetonWithItSweetMo.mp3,SummerTimeOutputStereoOut.mp3,
2014-01-15 06:08:21 UTC,2014-01-15 06:08:27 UTC,6.295038939,,24.128.49.204,ItsalrightwithmeOutputStereoOut.mp3,CenterpieceOutputStereoOut.mp3,CenterpieceOutputStereoOut.mp3,
2014-01-15 06:08:27 UTC,2014-01-15 06:08:29 UTC,2.809636116,,24.128.49.204,SweetSueOutputStereoOut.mp3,HeyCupid.mp3,SweetSueOutputStereoOut.mp3,
2014-01-15 06:08:29 UTC,2014-01-15 06:08:32 UTC,3.334084034,,24.128.49.204,14YouareMySunshine.mp3,CloserWalkWithTheeOutputStereoOut.mp3,14YouareMySunshine.mp3,
2014-01-15 06:08:32 UTC,2014-01-15 06:08:34 UTC,2.348449945,,24.128.49.204,17RocksinMyBedSweetMo.mp3,CenterpieceOutputStereoOut.mp3,CenterpieceOutputStereoOut.mp3,
2014-01-15 06:08:34 UTC,2014-01-15 06:08:43 UTC,9.457706928,,24.128.49.204,CenterpieceOutputStereoOut.mp3,SummerTimeOutputStereoOut.mp3,CenterpieceOutputStereoOut.mp3,
2014-01-15 06:08:43 UTC,2014-01-15 06:08:46 UTC,3.071077108,,24.128.49.204,JoshandMattDuoOutputStereoOut.mp3,CloserWalkWithTheeOutputStereoOut.mp3,CloserWalkWithTheeOutputStereoOut.mp3,
2014-01-15 06:08:46 UTC,2014-01-15 06:08:48 UTC,2.621504068,,24.128.49.204,17RocksinMyBedSweetMo.mp3,18CloserWalkwithTheeSweetMo.mp3,17RocksinMyBedSweetMo.mp3,
2014-01-15 06:08:48 UTC,2014-01-15 06:08:51 UTC,3.339692116,,24.128.49.204,07BlackandBlueSweetMo.mp3,SweetSueOutputStereoOut.mp3,07BlackandBlueSweetMo.mp3,
2014-01-15 06:08:51 UTC,2014-01-15 06:08:59 UTC,8.290504932,,24.128.49.204,BornLoverOutputStereoOut.mp3,CloserWalkWithTheeOutputStereoOut.mp3,CloserWalkWithTheeOutputStereoOut.mp3,
2014-01-15 06:08:59 UTC,2014-01-15 06:09:01 UTC,2.587545156,,24.128.49.204,JoshandMattDuoOutputStereoOut.mp3,SaintJamesInfirmaryOutputStereoOut.mp3,SaintJamesInfirmaryOutputStereoOut.mp3,
2014-01-15 06:09:01 UTC,2014-01-15 06:09:04 UTC,3.201222897,,24.128.49.204,HoochieCoochieManOutputStereoOut.mp3,16TheSkyisCrying.mp3,HoochieCoochieManOutputStereoOut.mp3,
2014-01-15 06:09:04 UTC,2014-01-15 06:09:18 UTC,14.40543413,,24.128.49.204,DoYouKnowWhatitMeansOutputStereoOut.mp3,BornLoverOutputStereoOut.mp3,BornLoverOutputStereoOut.mp3,
2014-01-15 06:09:18 UTC,2014-01-15 06:09:20 UTC,2.826852083,,24.128.49.204,BornLoverOutputStereoOut.mp3,WorkSongOutputStereoOut.mp3,WorkSongOutputStereoOut.mp3,
2014-01-15 06:09:20 UTC,2014-01-15 06:09:31 UTC,11.6609621,,24.128.49.204,GeeBabyAintIgoodtoYouOutputStereoOut.mp3,OneOfTheseMorningsOutputStereoOut.mp3,GeeBabyAintIgoodtoYouOutputStereoOut.mp3,
2014-01-15 06:09:31 UTC,2014-01-15 06:09:42 UTC,11.30864501,,24.128.49.204,DoYouKnowWhatitMeansOutputStereoOut.mp3,OntheSunnySideoftheStreetOutputStereoOut.mp3,DoYouKnowWhatitMeansOutputStereoOut.mp3,
2014-01-15 06:09:42 UTC,2014-01-15 06:09:50 UTC,8.175395012,,24.128.49.204,OneOfTheseMorningsOutputStereoOut.mp3,ItsalrightwithmeOutputStereoOut.mp3,ItsalrightwithmeOutputStereoOut.mp3,
2014-01-15 06:09:50 UTC,2014-01-15 06:09:52 UTC,2.55387187,,24.128.49.204,HoochieCoochieManOutputStereoOut.mp3,CloserWalkWithTheeOutputStereoOut.mp3,HoochieCoochieManOutputStereoOut.mp3,
2014-01-15 06:09:52 UTC,2014-01-15 06:10:06 UTC,14.34533596,,24.128.49.204,CenterpieceOutputStereoOut.mp3,SaintJamesInfirmaryOutputStereoOut.mp3,CenterpieceOutputStereoOut.mp3,
2014-01-15 06:10:06 UTC,2014-01-15 06:10:18 UTC,12.05396414,,24.128.49.204,16TheSkyisCrying.mp3,12GetonWithItSweetMo.mp3,16TheSkyisCrying.mp3,
2014-01-15 06:10:18 UTC,2014-01-15 06:10:21 UTC,3.141406059,,24.128.49.204,OntheSunnySideoftheStreetOutputStereoOut.mp3,18CloserWalkwithTheeSweetMo.mp3,18CloserWalkwithTheeSweetMo.mp3,
2014-01-15 06:10:21 UTC,2014-01-15 06:10:30 UTC,9.588062048,,24.128.49.204,SisterKateOutputStereoOut.mp3,BornLoverOutputStereoOut.mp3,SisterKateOutputStereoOut.mp3,
2014-01-15 06:10:30 UTC,2014-01-15 06:10:32 UTC,2.795371056,,24.128.49.204,SummerTimeOutputStereoOut.mp3,JoshandMattDuoOutputStereoOut.mp3,SummerTimeOutputStereoOut.mp3,
2014-01-15 06:10:32 UTC,2014-01-15 06:10:35 UTC,3.985811949,,24.128.49.204,OneOfTheseMorningsOutputStereoOut.mp3,17RocksinMyBedSweetMo.mp3,17RocksinMyBedSweetMo.mp3,
2014-01-15 06:10:36 UTC,2014-01-15 06:10:54 UTC,18.39261103,,24.128.49.204,WorkSongOutputStereoOut.mp3,ItsalrightwithmeOutputStereoOut.mp3,WorkSongOutputStereoOut.mp3,
2014-01-15 06:10:54 UTC,2014-01-15 06:10:57 UTC,3.621970892,,24.128.49.204,AllOfMeOutputStereoOut.mp3,13MessinwiththeKid.mp3,13MessinwiththeKid.mp3,
2014-01-15 06:10:57 UTC,2014-01-15 06:11:12 UTC,15.2900219,,24.128.49.204,PelicanDragOutputStereoOut.mp3,14YouareMySunshine.mp3,PelicanDragOutputStereoOut.mp3,
2014-01-15 06:11:12 UTC,2014-01-15 06:11:23 UTC,11.53025579,,24.128.49.204,OneOfTheseMorningsOutputStereoOut.mp3,12GetonWithItSweetMo.mp3,OneOfTheseMorningsOutputStereoOut.mp3,
2014-01-15 06:11:23 UTC,2014-01-15 06:11:26 UTC,3.295381069,,24.128.49.204,18CloserWalkwithTheeSweetMo.mp3,AllOfMeOutputStereoOut.mp3,18CloserWalkwithTheeSweetMo.mp3,
2014-01-15 06:11:26 UTC,2014-01-15 06:11:28 UTC,2.524879217,,24.128.49.204,DoYouKnowWhatitMeansOutputStereoOut.mp3,RocksinMyBedOutputStereoOut1.mp3,RocksinMyBedOutputStereoOut1.mp3,
2014-01-15 06:11:28 UTC,2014-01-15 06:11:35 UTC,7.979163885,,24.128.49.204,13MessinwiththeKid.mp3,DoYouKnowWhatitMeansOutputStereoOut.mp3,13MessinwiththeKid.mp3,
2014-01-15 06:11:36 UTC,2014-01-15 06:11:38 UTC,2.518849134,,24.128.49.204,17RocksinMyBedSweetMo.mp3,15SaintJamesSweetMo.mp3,15SaintJamesSweetMo.mp3,
2014-01-15 06:11:38 UTC,2014-01-15 06:11:40 UTC,2.760743856,,24.128.49.204,BornLoverOutputStereoOut.mp3,PelicanDragOutputStereoOut.mp3,PelicanDragOutputStereoOut.mp3,
2014-01-15 06:11:40 UTC,2014-01-15 06:11:52 UTC,12.95814991,,24.128.49.204,DarkEyesOutputStereoOut.mp3,BornLoverOutputStereoOut.mp3,DarkEyesOutputStereoOut.mp3,
2014-01-15 06:11:53 UTC,2014-01-15 06:11:55 UTC,2.058728933,,24.128.49.204,SexyandIknowit.mp3,16TheSkyisCrying.mp3,16TheSkyisCrying.mp3,
2014-01-15 06:11:55 UTC,2014-01-15 06:11:56 UTC,1.958507061,,24.128.49.204,15SaintJamesSweetMo.mp3,AllOfMeOutputStereoOut.mp3,15SaintJamesSweetMo.mp3,
2014-01-15 06:11:57 UTC,2014-01-15 06:12:02 UTC,5.013767004,,24.128.49.204,DoYouKnowWhatitMeansOutputStereoOut.mp3,RocksinMyBedOutputStereoOutk.mp3,RocksinMyBedOutputStereoOutk.mp3,
2014-01-15 06:12:02 UTC,2014-01-15 06:12:04 UTC,2.375576973,,24.128.49.204,17RocksinMyBedSweetMo.mp3,BluesMyNaughtyOutputStereoOut.mp3,17RocksinMyBedSweetMo.mp3,
2014-01-15 06:12:04 UTC,2014-01-15 06:12:06 UTC,2.158962965,,24.128.49.204,RocksinMyBedOutputStereoOut1.mp3,JoshandMattDuoOutputStereoOut.mp3,RocksinMyBedOutputStereoOut1.mp3,
2014-01-15 06:12:06 UTC,2014-01-15 06:12:08 UTC,2.501868963,,24.128.49.204,JoshandMattDuoOutputStereoOut.mp3,17RocksinMyBedSweetMo.mp3,17RocksinMyBedSweetMo.mp3,
2014-01-15 06:12:08 UTC,2014-01-15 06:12:16 UTC,8.174463034,,24.128.49.204,GeeBabyAintIgoodtoYouOutputStereoOut.mp3,IveFoundanewbabyOutputStereoOut.mp3,GeeBabyAintIgoodtoYouOutputStereoOut.mp3,
2014-01-15 06:12:16 UTC,2014-01-15 06:12:29 UTC,13.24193192,,24.128.49.204,ToughTruckinOutputStereoOut.mp3,15SaintJamesSweetMo.mp3,ToughTruckinOutputStereoOut.mp3,
2014-01-15 06:12:29 UTC,2014-01-15 06:12:35 UTC,6.341537952,,24.128.49.204,07BlackandBlueSweetMo.mp3,SlowBoattoChinaOutputStereoOut.mp3,07BlackandBlueSweetMo.mp3,
2014-01-15 06:12:35 UTC,2014-01-15 06:12:37 UTC,2.702975035,,24.128.49.204,RocksinMyBedOutputStereoOutk.mp3,HoochieCoochieManOutputStereoOut.mp3,RocksinMyBedOutputStereoOutk.mp3,
2014-01-15 06:12:37 UTC,2014-01-15 06:12:45 UTC,8.245926857,,24.128.49.204,IveFoundanewbabyOutputStereoOut.mp3,13MessinwiththeKid.mp3,IveFoundanewbabyOutputStereoOut.mp3,
2014-01-15 06:12:45 UTC,2014-01-15 06:12:54 UTC,9.190230131,,24.128.49.204,PoisonOutputStereoOut.mp3,ComesLoveOutputStereoOut.mp3,PoisonOutputStereoOut.mp3,
2014-01-15 06:12:54 UTC,2014-01-15 06:12:56 UTC,2.464225054,,24.128.49.204,JoshandMattDuoOutputStereoOut.mp3,16TheSkyisCrying.mp3,16TheSkyisCrying.mp3,
2014-01-15 06:12:56 UTC,2014-01-15 06:13:13 UTC,17.89462304,,24.128.49.204,OntheSunnySideoftheStreetOutputStereoOut.mp3,ItsalrightwithmeOutputStereoOut.mp3,ItsalrightwithmeOutputStereoOut.mp3,
2014-01-15 06:13:13 UTC,2014-01-15 06:13:16 UTC,3.128377199,,24.128.49.204,RocksinMyBedOutputStereoOutk.mp3,ToughTruckinOutputStereoOut.mp3,ToughTruckinOutputStereoOut.mp3,
2014-01-15 06:13:16 UTC,2014-01-15 06:13:23 UTC,7.965808868,,24.128.49.204,OntheSunnySideoftheStreetOutputStereoOut.mp3,ItsalrightwithmeOutputStereoOut.mp3,OntheSunnySideoftheStreetOutputStereoOut.mp3,
2014-01-15 06:13:24 UTC,2014-01-15 06:13:26 UTC,2.345520973,,24.128.49.204,SummerTimeOutputStereoOut.mp3,18CloserWalkwithTheeSweetMo.mp3,SummerTimeOutputStereoOut.mp3,
2014-01-15 06:13:26 UTC,2014-01-15 06:13:28 UTC,2.3382442,,24.128.49.204,16TheSkyisCrying.mp3,HeyCupid.mp3,16TheSkyisCrying.mp3,
2014-01-15 06:13:28 UTC,2014-01-15 06:13:30 UTC,2.157963037,,24.128.49.204,02BlueDrag.mp3,18CloserWalkwithTheeSweetMo.mp3,02BlueDrag.mp3,
2014-01-15 06:13:30 UTC,2014-01-15 06:13:32 UTC,2.205477238,,24.128.49.204,IveFoundanewbabyOutputStereoOut.mp3,15SaintJamesSweetMo.mp3,15SaintJamesSweetMo.mp3,
2014-01-15 06:13:32 UTC,2014-01-15 06:13:35 UTC,3.199619055,,24.128.49.204,DoYouKnowWhatitMeansOutputStereoOut.mp3,AllOfMeOutputStereoOut.mp3,DoYouKnowWhatitMeansOutputStereoOut.mp3,
2014-01-15 06:13:35 UTC,2014-01-15 06:13:37 UTC,2.040602922,,24.128.49.204,13MessinwiththeKid.mp3,PoisonOutputStereoOut.mp3,PoisonOutputStereoOut.mp3,
2014-01-15 06:13:37 UTC,2014-01-15 06:14:04 UTC,27.44174004,,24.128.49.204,CloserWalkWithTheeOutputStereoOut.mp3,18CloserWalkwithTheeSweetMo.mp3,CloserWalkWithTheeOutputStereoOut.mp3,
2014-01-15 06:14:04 UTC,2014-01-15 06:14:06 UTC,2.753349066,,24.128.49.204,SisterKateOutputStereoOut.mp3,SexyandIknowit.mp3,SexyandIknowit.mp3,
2014-01-15 06:14:06 UTC,2014-01-15 06:14:14 UTC,8.928890228,,24.128.49.204,WorkSongOutputStereoOut.mp3,02BlueDrag.mp3,02BlueDrag.mp3,
2014-01-15 06:14:14 UTC,2014-01-15 06:14:17 UTC,3.013001919,,24.128.49.204,RocksinMyBedOutputStereoOutk.mp3,ToughTruckinOutputStereoOut.mp3,ToughTruckinOutputStereoOut.mp3,
2014-01-15 06:14:17 UTC,2014-01-15 06:14:18 UTC,1.988939047,,24.128.49.204,WorkSongOutputStereoOut.mp3,18CloserWalkwithTheeSweetMo.mp3,WorkSongOutputStereoOut.mp3,
2014-01-15 06:14:19 UTC,2014-01-15 06:14:20 UTC,1.761103868,,24.128.49.204,BornLoverOutputStereoOut.mp3,DarkEyesOutputStereoOut.mp3,DarkEyesOutputStereoOut.mp3,
2014-01-15 06:14:20 UTC,2014-01-15 06:14:26 UTC,6.866213799,,24.128.49.204,WorkSongOutputStereoOut.mp3,14YouareMySunshine.mp3,14YouareMySunshine.mp3,
2014-01-15 06:14:26 UTC,2014-01-15 06:14:29 UTC,3.05962801,,24.128.49.204,SexyandIknowit.mp3,DoYouKnowWhatitMeansOutputStereoOut.mp3,SexyandIknowit.mp3,
2014-01-15 06:14:29 UTC,2014-01-15 06:14:31 UTC,2.600944996,,24.128.49.204,BluesMyNaughtyOutputStereoOut.mp3,SexyandIknowit.mp3,BluesMyNaughtyOutputStereoOut.mp3,
2014-01-15 06:14:31 UTC,2014-01-15 06:14:38 UTC,7.590788126,,24.128.49.204,OneOfTheseMorningsOutputStereoOut.mp3,GeeBabyAintIgoodtoYouOutputStereoOut.mp3,GeeBabyAintIgoodtoYouOutputStereoOut.mp3,
2014-01-15 06:14:38 UTC,2014-01-15 06:14:40 UTC,2.660234928,,24.128.49.204,HeyCupid.mp3,JoshandMattDuoOutputStereoOut.mp3,JoshandMattDuoOutputStereoOut.mp3,
2014-01-15 06:14:40 UTC,2014-01-15 06:14:46 UTC,6.63259387,,24.128.49.204,12GetonWithItSweetMo.mp3,GeeBabyAintIgoodtoYouOutputStereoOut.mp3,GeeBabyAintIgoodtoYouOutputStereoOut.mp3,
2014-01-15 06:14:46 UTC,2014-01-15 06:14:48 UTC,2.634464025,,24.128.49.204,ToughTruckinOutputStereoOut.mp3,DoYouKnowWhatitMeansOutputStereoOut.mp3,ToughTruckinOutputStereoOut.mp3,
2014-01-15 06:14:48 UTC,2014-01-15 06:14:50 UTC,2.602071047,,24.128.49.204,SisterKateOutputStereoOut.mp3,RocksinMyBedOutputStereoOutk.mp3,RocksinMyBedOutputStereoOutk.mp3,
2014-01-15 06:14:50 UTC,2014-01-15 06:14:57 UTC,7.572709799,,24.128.49.204,CloserWalkWithTheeOutputStereoOut.mp3,12GetonWithItSweetMo.mp3,12GetonWithItSweetMo.mp3,
2014-01-15 06:14:57 UTC,2014-01-15 06:14:59 UTC,2.810251951,,24.128.49.204,13MessinwiththeKid.mp3,PoisonOutputStereoOut.mp3,PoisonOutputStereoOut.mp3,
2014-01-15 06:14:59 UTC,2014-01-15 06:15:07 UTC,8.025550127,,24.128.49.204,CloserWalkWithTheeOutputStereoOut.mp3,GetonWithItOutputStereoOut.mp3,GetonWithItOutputStereoOut.mp3,
2014-01-15 06:15:07 UTC,2014-01-15 06:15:13 UTC,6.938341856,,24.128.49.204,IveFoundanewbabyOutputStereoOut.mp3,SexyandIknowit.mp3,IveFoundanewbabyOutputStereoOut.mp3,
2014-01-15 06:15:13 UTC,2014-01-15 06:15:28 UTC,15.72542405,,24.128.49.204,17RocksinMyBedSweetMo.mp3,RocksinMyBedOutputStereoOut1.mp3,17RocksinMyBedSweetMo.mp3,
2014-01-15 16:34:27 UTC,2014-01-15 16:50:29 UTC,962.2536991,Kevin,50.138.183.238,16TheSkyisCrying.mp3,HoochieCoochieManOutputStereoOut.mp3,HoochieCoochieManOutputStereoOut.mp3,
2014-01-16 01:48:45 UTC,2014-01-16 01:51:06 UTC,141.648627,,108.17.145.30,DoYouKnowWhatitMeansOutputStereoOut.mp3,SlowBoattoChinaOutputStereoOut.mp3,SlowBoattoChinaOutputStereoOut.mp3,
2014-01-16 05:30:08 UTC,2014-01-16 05:36:12 UTC,364.504632,,174.113.226.129,SisterKateOutputStereoOut.mp3,AllOfMeOutputStereoOut.mp3,SisterKateOutputStereoOut.mp3,
2014-01-16 19:50:36 UTC,2014-01-16 19:52:44 UTC,128.844033,Shawn Hershey,204.9.220.42,DoYouKnowWhatitMeansOutputStereoOut.mp3,BluesMyNaughtyOutputStereoOut.mp3,BluesMyNaughtyOutputStereoOut.mp3,test comment
2014-01-15 16:34:10 UTC,2014-01-16 20:06:30 UTC,99140.72892,Kevin,50.138.183.238,SummerTimeOutputStereoOut.mp3,SweetSueOutputStereoOut.mp3,SweetSueOutputStereoOut.mp3,
2014-01-16 19:52:44 UTC,2014-01-16 20:07:37 UTC,893.3834209,Shawn Hershey,204.9.220.42,BornLoverOutputStereoOut.mp3,ItsalrightwithmeOutputStereoOut.mp3,ItsalrightwithmeOutputStereoOut.mp3,5:42 is awfully long. I don't like my solo on Born Lover but everything else is good on that tune.
2014-01-16 20:07:37 UTC,2014-01-16 20:15:04 UTC,447.940665,Shawn Hershey,204.9.220.42,CenterpieceOutputStereoOut.mp3,15SaintJamesSweetMo.mp3,15SaintJamesSweetMo.mp3,
2014-01-16 20:06:30 UTC,2014-01-16 20:15:37 UTC,547.881839,Kevin,50.138.183.238,GetonWithItOutputStereoOut.mp3,01TexasMoanerBlues.mp3,01TexasMoanerBlues.mp3,
2014-01-16 20:15:05 UTC,2014-01-16 20:16:31 UTC,86.59119415,Shawn Hershey,204.9.220.42,JoshandMattDuoOutputStereoOut.mp3,PelicanDragOutputStereoOut.mp3,JoshandMattDuoOutputStereoOut.mp3,I love both of these! They are both long!
2014-01-16 20:05:09 UTC,2014-01-16 20:16:58 UTC,709.233959,,64.47.206.34,AllOfMeOutputStereoOut.mp3,DoYouKnowWhatitMeansOutputStereoOut.mp3,DoYouKnowWhatitMeansOutputStereoOut.mp3,
2014-01-16 20:16:31 UTC,2014-01-16 20:22:46 UTC,375.1572638,Shawn Hershey,204.9.220.42,ComesLoveOutputStereoOut.mp3,ItsalrightwithmeOutputStereoOut.mp3,ComesLoveOutputStereoOut.mp3,Comes Love is awfully cool but very long!
2014-01-16 20:22:46 UTC,2014-01-16 20:25:05 UTC,139.4503622,Shawn Hershey,204.9.220.42,WorkSongOutputStereoOut.mp3,18CloserWalkwithTheeSweetMo.mp3,18CloserWalkwithTheeSweetMo.mp3,Pretty great. But they're both good. This might be random. This is also too long. So many of our songs are too long!
2014-01-16 20:25:05 UTC,2014-01-16 20:25:20 UTC,15.77250409,Shawn Hershey,204.9.220.42,OneOfTheseMorningsOutputStereoOut.mp3,DarkEyesOutputStereoOut.mp3,DarkEyesOutputStereoOut.mp3,Good swing tune on the right
2014-01-16 20:23:23 UTC,2014-01-16 20:25:36 UTC,133.740798,,134.174.21.190,CenterpieceOutputStereoOut.mp3,13MessinwiththeKid.mp3,13MessinwiththeKid.mp3,
2014-01-16 20:25:20 UTC,2014-01-16 20:26:01 UTC,41.56302309,Shawn Hershey,204.9.220.42,02BlueDrag.mp3,GeeBabyAintIgoodtoYouOutputStereoOut.mp3,02BlueDrag.mp3,Weird singin. But cool too.
2014-01-16 20:15:38 UTC,2014-01-16 20:28:32 UTC,774.0136771,Kevin,50.138.183.238,IveFoundanewbabyOutputStereoOut.mp3,HoochieCoochieManOutputStereoOut.mp3,HoochieCoochieManOutputStereoOut.mp3,
2014-01-16 20:25:36 UTC,2014-01-16 20:29:15 UTC,219.6660469,I can't decide if the vocals are cool or if the singer sounds drunk/old/underwater. Or both.,134.174.21.190,DoYouKnowWhatitMeansOutputStereoOut.mp3,SummerTimeOutputStereoOut.mp3,SummerTimeOutputStereoOut.mp3,This one is really cool.
2014-01-16 20:29:15 UTC,2014-01-16 20:32:21 UTC,186.735678,,134.174.21.190,SexyandIknowit.mp3,OntheSunnySideoftheStreetOutputStereoOut.mp3,SexyandIknowit.mp3,"Sexy and I know it is hilarious! Love the entirely different take on it. Sunny Side is nice, but there's a little background noise, and the lyrics in the first line are somewhat impossible. But let me know if you figure out how to grab a street."
2014-01-16 20:32:21 UTC,2014-01-16 20:33:03 UTC,42.50969815,,134.174.21.190,07BlackandBlueSweetMo.mp3,12GetonWithItSweetMo.mp3,07BlackandBlueSweetMo.mp3,
2014-01-16 20:26:01 UTC,2014-01-16 20:33:09 UTC,428.910388,Shawn Hershey,204.9.220.42,HeyCupid.mp3,IveFoundanewbabyOutputStereoOut.mp3,HeyCupid.mp3,
2014-01-16 20:16:58 UTC,2014-01-16 20:36:02 UTC,1144.070505,,64.47.206.34,SweetSueOutputStereoOut.mp3,GeeBabyAintIgoodtoYouOutputStereoOut.mp3,GeeBabyAintIgoodtoYouOutputStereoOut.mp3,
2014-01-16 20:28:32 UTC,2014-01-16 20:46:33 UTC,1081.383049,Kevin,50.138.183.238,ItsalrightwithmeOutputStereoOut.mp3,PoisonOutputStereoOut.mp3,PoisonOutputStereoOut.mp3,
2014-01-16 20:36:02 UTC,2014-01-16 20:49:23 UTC,801.6176431,Favorite so far! (note I lean more blues than swing),64.47.206.34,18CloserWalkwithTheeSweetMo.mp3,ComesLoveOutputStereoOut.mp3,ComesLoveOutputStereoOut.mp3,"More favorite than the left (18Closerwalk), which I thought was my fav until I listened to this. Squirrel."
2014-01-16 20:49:26 UTC,2014-01-16 21:03:21 UTC,835.993768,Not much variation/action,64.47.206.34,RocksinMyBedOutputStereoOut1.mp3,SisterKateOutputStereoOut.mp3,SisterKateOutputStereoOut.mp3,Energy/'tude! :)
2014-01-16 21:07:21 UTC,2014-01-16 21:37:13 UTC,1792.495386,June,24.105.166.42,PoisonOutputStereoOut.mp3,GetonWithItOutputStereoOut.mp3,GetonWithItOutputStereoOut.mp3,"Love them both! Slight preference for Get On With It; I think there are also more versions already in existence for Poison, although I could be making that up."
2014-01-16 21:37:13 UTC,2014-01-16 21:53:39 UTC,986.9740958,June,24.105.166.42,18CloserWalkwithTheeSweetMo.mp3,07BlackandBlueSweetMo.mp3,18CloserWalkwithTheeSweetMo.mp3,The horns on Closer just kill me.
2014-01-16 21:53:40 UTC,2014-01-16 22:04:30 UTC,650.236949,June,24.105.166.42,CloserWalkWithTheeOutputStereoOut.mp3,12GetonWithItSweetMo.mp3,CloserWalkWithTheeOutputStereoOut.mp3,
2014-01-16 22:04:30 UTC,2014-01-16 22:12:51 UTC,501.7904251,June,24.105.166.42,IveFoundanewbabyOutputStereoOut.mp3,BornLoverOutputStereoOut.mp3,BornLoverOutputStereoOut.mp3,
2014-01-16 22:12:51 UTC,2014-01-16 22:13:23 UTC,32.44325209,June,24.105.166.42,13MessinwiththeKid.mp3,18CloserWalkwithTheeSweetMo.mp3,18CloserWalkwithTheeSweetMo.mp3,
2014-01-16 22:16:32 UTC,2014-01-16 22:18:35 UTC,123.160063,,18.199.0.100,07BlackandBlueSweetMo.mp3,DarkEyesOutputStereoOut.mp3,DarkEyesOutputStereoOut.mp3,
2014-01-16 22:13:23 UTC,2014-01-16 22:20:16 UTC,413.5298779,June,24.105.166.42,HoochieCoochieManOutputStereoOut.mp3,OntheSunnySideoftheStreetOutputStereoOut.mp3,HoochieCoochieManOutputStereoOut.mp3,
2014-01-16 22:20:16 UTC,2014-01-16 22:27:23 UTC,427.05143,June,24.105.166.42,BluesMyNaughtyOutputStereoOut.mp3,CloserWalkWithTheeOutputStereoOut.mp3,BluesMyNaughtyOutputStereoOut.mp3,
2014-01-16 22:27:23 UTC,2014-01-16 22:33:54 UTC,391.6030099,June,24.105.166.42,ToughTruckinOutputStereoOut.mp3,RocksinMyBedOutputStereoOutk.mp3,ToughTruckinOutputStereoOut.mp3,
2014-01-16 22:39:55 UTC,2014-01-16 22:40:03 UTC,8.49387598,,128.103.224.221,01TexasMoanerBlues.mp3,GeeBabyAintIgoodtoYouOutputStereoOut.mp3,01TexasMoanerBlues.mp3,
2014-01-16 22:33:54 UTC,2014-01-16 22:44:37 UTC,643.2281432,June,24.105.166.42,SaintJamesInfirmaryOutputStereoOut.mp3,DarkEyesOutputStereoOut.mp3,DarkEyesOutputStereoOut.mp3,
2014-01-16 22:40:03 UTC,2014-01-16 22:48:41 UTC,518.2191129,"This is one of my favorite songs, and I love to hear a wailing clarinet!",128.103.224.221,AllOfMeOutputStereoOut.mp3,SexyandIknowit.mp3,AllOfMeOutputStereoOut.mp3,
2014-01-16 23:40:37 UTC,2014-01-16 23:50:22 UTC,585.5261781,Katie,74.78.189.87,RocksinMyBedOutputStereoOut1.mp3,AllOfMeOutputStereoOut.mp3,AllOfMeOutputStereoOut.mp3,sweet sweeeet clarinet! then the trumpet a clarinet play off each other at the end - nice.
2014-01-16 23:50:22 UTC,2014-01-16 23:51:40 UTC,78.68350887,Katie,74.78.189.87,SaintJamesInfirmaryOutputStereoOut.mp3,OntheSunnySideoftheStreetOutputStereoOut.mp3,SaintJamesInfirmaryOutputStereoOut.mp3,
2014-01-16 23:51:40 UTC,2014-01-16 23:55:39 UTC,239.3205531,Katie,74.78.189.87,AllOfMeOutputStereoOut.mp3,ToughTruckinOutputStereoOut.mp3,AllOfMeOutputStereoOut.mp3,"this is a super hard choice. I want both of these! But since I must choose, I would say that tough truckin is probably at its best live. And all of me can stand alone."
2014-01-17 00:02:37 UTC,2014-01-17 00:03:32 UTC,55.76531887,I think including your song would really open this album up for non-dancers since it is such a classic standard.,209.6.205.61,DoYouKnowWhatitMeansOutputStereoOut.mp3,RocksinMyBedOutputStereoOutk.mp3,DoYouKnowWhatitMeansOutputStereoOut.mp3,
2014-01-20 03:23:04 UTC,2014-01-20 03:31:22 UTC,498.962846,,192.171.43.186,02BlueDrag.mp3,OntheSunnySideoftheStreetOutputStereoOut.mp3,02BlueDrag.mp3,
2014-01-17 00:03:57 UTC,2014-01-17 00:04:32 UTC,35.42178988,I think including your song would really open this album up for non-dancers since it is such a classic standard.,209.6.205.61,HoochieCoochieManOutputStereoOut.mp3,12GetonWithItSweetMo.mp3,HoochieCoochieManOutputStereoOut.mp3,
2014-01-16 23:55:39 UTC,2014-01-17 00:05:42 UTC,603.7058051,Katie,74.78.189.87,BluesMyNaughtyOutputStereoOut.mp3,CloserWalkWithTheeOutputStereoOut.mp3,CloserWalkWithTheeOutputStereoOut.mp3,I am having a great time listening to all of these songs. closer walk with thee exudes more passion
2014-01-17 00:05:42 UTC,2014-01-17 00:06:37 UTC,55.35851288,Katie,74.78.189.87,SisterKateOutputStereoOut.mp3,SummerTimeOutputStereoOut.mp3,SummerTimeOutputStereoOut.mp3,
2014-01-17 00:06:37 UTC,2014-01-17 00:08:00 UTC,83.64628005,Katie,74.78.189.87,ItsalrightwithmeOutputStereoOut.mp3,BluesMyNaughtyOutputStereoOut.mp3,BluesMyNaughtyOutputStereoOut.mp3,
2014-01-17 00:08:00 UTC,2014-01-17 00:10:01 UTC,121.813678,Katie,74.78.189.87,18CloserWalkwithTheeSweetMo.mp3,ComesLoveOutputStereoOut.mp3,ComesLoveOutputStereoOut.mp3,"I love Josh, but he has changed his singing style in the last few years and I don't like it as much."
2014-01-17 00:10:01 UTC,2014-01-17 00:12:21 UTC,140.6291468,Katie,74.78.189.87,AllOfMeOutputStereoOut.mp3,PoisonOutputStereoOut.mp3,AllOfMeOutputStereoOut.mp3,
2014-01-17 00:12:22 UTC,2014-01-17 00:16:26 UTC,244.0562561,Katie,74.78.189.87,WorkSongOutputStereoOut.mp3,JoshandMattDuoOutputStereoOut.mp3,WorkSongOutputStereoOut.mp3,sorry - I didn't like either the work song or josh/matt duo. This would be my bathroom break
2014-01-17 00:16:26 UTC,2014-01-17 00:26:01 UTC,575.31251,Katie,74.78.189.87,17RocksinMyBedSweetMo.mp3,SlowBoattoChinaOutputStereoOut.mp3,SlowBoattoChinaOutputStereoOut.mp3,"I loved both Rocks and the Slow Boat! Ugh. Rocks: loved the vocals, but a bit long for frequent play. Slow boat has great instrumentation but too much audience noise. Gotta pick one"
2014-01-17 00:26:01 UTC,2014-01-17 00:26:29 UTC,28.70239115,Katie,74.78.189.87,OntheSunnySideoftheStreetOutputStereoOut.mp3,SummerTimeOutputStereoOut.mp3,SummerTimeOutputStereoOut.mp3,
2014-01-17 00:26:29 UTC,2014-01-17 00:26:53 UTC,24.09126997,Katie,74.78.189.87,SlowBoattoChinaOutputStereoOut.mp3,PoisonOutputStereoOut.mp3,SlowBoattoChinaOutputStereoOut.mp3,
2014-01-17 00:26:53 UTC,2014-01-17 00:28:42 UTC,109.4290922,Katie,74.78.189.87,GetonWithItOutputStereoOut.mp3,17RocksinMyBedSweetMo.mp3,17RocksinMyBedSweetMo.mp3,
2014-01-17 00:28:42 UTC,2014-01-17 00:28:51 UTC,9.872468948,Katie,74.78.189.87,ComesLoveOutputStereoOut.mp3,SummerTimeOutputStereoOut.mp3,SummerTimeOutputStereoOut.mp3,
2014-01-17 00:28:52 UTC,2014-01-17 00:30:56 UTC,124.4723358,Katie,74.78.189.87,ItsalrightwithmeOutputStereoOut.mp3,02BlueDrag.mp3,02BlueDrag.mp3,
2014-01-17 00:30:56 UTC,2014-01-17 00:31:06 UTC,10.22399902,Katie,74.78.189.87,AllOfMeOutputStereoOut.mp3,RocksinMyBedOutputStereoOutk.mp3,AllOfMeOutputStereoOut.mp3,
2014-01-17 00:29:02 UTC,2014-01-17 00:37:02 UTC,480.690284,Natalya,74.71.133.37,IveFoundanewbabyOutputStereoOut.mp3,RocksinMyBedOutputStereoOut1.mp3,IveFoundanewbabyOutputStereoOut.mp3,"Maybe you could make it so that it pairs similar songs together so we are deciding between two fast songs, or two blues songs? I like both of these for different reasons!"
2014-01-17 00:31:06 UTC,2014-01-17 00:38:50 UTC,464.1756952,Katie,74.78.189.87,SexyandIknowit.mp3,15SaintJamesSweetMo.mp3,15SaintJamesSweetMo.mp3,
2014-01-17 00:38:50 UTC,2014-01-17 00:39:20 UTC,30.11763,Katie,74.78.189.87,AllOfMeOutputStereoOut.mp3,DarkEyesOutputStereoOut.mp3,DarkEyesOutputStereoOut.mp3,dark eyes!!!!
2014-01-17 00:39:20 UTC,2014-01-17 00:39:25 UTC,5.291526794,Katie,74.78.189.87,SisterKateOutputStereoOut.mp3,DarkEyesOutputStereoOut.mp3,DarkEyesOutputStereoOut.mp3,
2014-01-17 00:39:25 UTC,2014-01-17 00:43:09 UTC,224.105449,Katie,74.78.189.87,SlowBoattoChinaOutputStereoOut.mp3,SweetSueOutputStereoOut.mp3,SweetSueOutputStereoOut.mp3,
2014-01-17 00:43:09 UTC,2014-01-17 00:44:54 UTC,105.1822469,Katie,74.78.189.87,16TheSkyisCrying.mp3,HeyCupid.mp3,16TheSkyisCrying.mp3,neither of these
2014-01-17 00:44:54 UTC,2014-01-17 00:45:56 UTC,62.01602101,Katie,74.78.189.87,CloserWalkWithTheeOutputStereoOut.mp3,BornLoverOutputStereoOut.mp3,CloserWalkWithTheeOutputStereoOut.mp3,
2014-01-17 00:45:56 UTC,2014-01-17 00:51:02 UTC,306.5630131,Katie,74.78.189.87,CenterpieceOutputStereoOut.mp3,13MessinwiththeKid.mp3,CenterpieceOutputStereoOut.mp3,
2014-01-17 00:51:02 UTC,2014-01-17 00:54:21 UTC,199.1994131,Katie,74.78.189.87,14YouareMySunshine.mp3,01TexasMoanerBlues.mp3,01TexasMoanerBlues.mp3,
2014-01-17 00:54:21 UTC,2014-01-17 00:54:34 UTC,13.93659019,Katie,74.78.189.87,RocksinMyBedOutputStereoOutk.mp3,SweetSueOutputStereoOut.mp3,SweetSueOutputStereoOut.mp3,
2014-01-17 00:54:35 UTC,2014-01-17 00:55:24 UTC,49.23682404,Katie,74.78.189.87,14YouareMySunshine.mp3,OntheSunnySideoftheStreetOutputStereoOut.mp3,14YouareMySunshine.mp3,
2014-01-17 00:55:24 UTC,2014-01-17 00:55:35 UTC,11.684479,Katie,74.78.189.87,SummerTimeOutputStereoOut.mp3,PoisonOutputStereoOut.mp3,SummerTimeOutputStereoOut.mp3,
2014-01-17 00:55:35 UTC,2014-01-17 00:55:51 UTC,16.22068787,Katie,74.78.189.87,BornLoverOutputStereoOut.mp3,PoisonOutputStereoOut.mp3,BornLoverOutputStereoOut.mp3,
2014-01-17 00:55:51 UTC,2014-01-17 00:55:59 UTC,8.23000288,Katie,74.78.189.87,JoshandMattDuoOutputStereoOut.mp3,ToughTruckinOutputStereoOut.mp3,ToughTruckinOutputStereoOut.mp3,
2014-01-17 00:55:59 UTC,2014-01-17 00:56:03 UTC,4.171310186,Katie,74.78.189.87,ToughTruckinOutputStereoOut.mp3,01TexasMoanerBlues.mp3,01TexasMoanerBlues.mp3,
2014-01-17 00:56:03 UTC,2014-01-17 00:56:07 UTC,4.158950806,Katie,74.78.189.87,ToughTruckinOutputStereoOut.mp3,RocksinMyBedOutputStereoOut1.mp3,RocksinMyBedOutputStereoOut1.mp3,
2014-01-17 00:56:07 UTC,2014-01-17 00:56:17 UTC,10.00304413,Katie,74.78.189.87,RocksinMyBedOutputStereoOutk.mp3,IveFoundanewbabyOutputStereoOut.mp3,IveFoundanewbabyOutputStereoOut.mp3,
2014-01-17 00:56:17 UTC,2014-01-17 00:56:26 UTC,9.176584959,Katie,74.78.189.87,BornLoverOutputStereoOut.mp3,GetonWithItOutputStereoOut.mp3,BornLoverOutputStereoOut.mp3,
2014-01-17 00:56:26 UTC,2014-01-17 00:56:30 UTC,4.525440931,Katie,74.78.189.87,RocksinMyBedOutputStereoOutk.mp3,DarkEyesOutputStereoOut.mp3,DarkEyesOutputStereoOut.mp3,
2014-01-17 00:56:30 UTC,2014-01-17 00:56:39 UTC,9.699816942,Katie,74.78.189.87,JoshandMattDuoOutputStereoOut.mp3,PelicanDragOutputStereoOut.mp3,PelicanDragOutputStereoOut.mp3,
2014-01-17 00:56:39 UTC,2014-01-17 00:56:43 UTC,4.852753878,Katie,74.78.189.87,ItsalrightwithmeOutputStereoOut.mp3,SweetSueOutputStereoOut.mp3,SweetSueOutputStereoOut.mp3,
2014-01-17 00:56:44 UTC,2014-01-17 00:56:47 UTC,3.532550812,Katie,74.78.189.87,HeyCupid.mp3,17RocksinMyBedSweetMo.mp3,17RocksinMyBedSweetMo.mp3,
2014-01-17 00:56:47 UTC,2014-01-17 00:56:51 UTC,4.482085228,Katie,74.78.189.87,RocksinMyBedOutputStereoOutk.mp3,PoisonOutputStereoOut.mp3,RocksinMyBedOutputStereoOutk.mp3,
2014-01-17 02:06:00 UTC,2014-01-17 02:07:05 UTC,65.73737597,,98.164.118.103,02BlueDrag.mp3,IveFoundanewbabyOutputStereoOut.mp3,02BlueDrag.mp3,
2014-01-17 02:37:32 UTC,2014-01-17 02:37:58 UTC,26.97949791,,209.6.195.36,RocksinMyBedOutputStereoOut1.mp3,GetonWithItOutputStereoOut.mp3,RocksinMyBedOutputStereoOut1.mp3,
2014-01-17 03:40:52 UTC,2014-01-17 03:50:15 UTC,563.945245,,76.10.152.18,PoisonOutputStereoOut.mp3,15SaintJamesSweetMo.mp3,15SaintJamesSweetMo.mp3,
2014-01-17 03:50:16 UTC,2014-01-17 04:02:14 UTC,718.2485819,,76.10.152.18,PelicanDragOutputStereoOut.mp3,SummerTimeOutputStereoOut.mp3,PelicanDragOutputStereoOut.mp3,
2014-01-17 04:02:15 UTC,2014-01-17 04:12:49 UTC,634.6946321,,76.10.152.18,PelicanDragOutputStereoOut.mp3,DarkEyesOutputStereoOut.mp3,PelicanDragOutputStereoOut.mp3,
2014-01-17 04:12:49 UTC,2014-01-17 04:21:37 UTC,528.7419839,,76.10.152.18,SisterKateOutputStereoOut.mp3,14YouareMySunshine.mp3,SisterKateOutputStereoOut.mp3,THEY'RE BOTH SO GOOD STOP MAKING ME CHOOSE
2014-01-17 04:21:37 UTC,2014-01-17 04:34:00 UTC,743.854861,,76.10.152.18,RocksinMyBedOutputStereoOutk.mp3,18CloserWalkwithTheeSweetMo.mp3,RocksinMyBedOutputStereoOutk.mp3,Jean-Sebastien rocks some serious clarinet!
2014-01-17 04:34:00 UTC,2014-01-17 04:45:17 UTC,677.2049081,,76.10.152.18,16TheSkyisCrying.mp3,JoshandMattDuoOutputStereoOut.mp3,16TheSkyisCrying.mp3,
2014-01-17 04:45:17 UTC,2014-01-17 04:49:43 UTC,266.6540039,,76.10.152.18,PoisonOutputStereoOut.mp3,07BlackandBlueSweetMo.mp3,07BlackandBlueSweetMo.mp3,
2014-01-17 04:49:43 UTC,2014-01-17 04:58:42 UTC,539.331229,,76.10.152.18,ToughTruckinOutputStereoOut.mp3,DoYouKnowWhatitMeansOutputStereoOut.mp3,ToughTruckinOutputStereoOut.mp3,
2014-01-17 04:58:42 UTC,2014-01-17 05:07:59 UTC,557.7048309,,76.10.152.18,12GetonWithItSweetMo.mp3,SisterKateOutputStereoOut.mp3,SisterKateOutputStereoOut.mp3,
2014-01-17 07:30:21 UTC,2014-01-17 07:30:53 UTC,32.8070631,,67.198.111.149,15SaintJamesSweetMo.mp3,07BlackandBlueSweetMo.mp3,07BlackandBlueSweetMo.mp3,
2014-01-17 14:35:32 UTC,2014-01-17 14:58:21 UTC,1369.224088,,69.165.147.199,IveFoundanewbabyOutputStereoOut.mp3,14YouareMySunshine.mp3,14YouareMySunshine.mp3,Don't take away Josh's sunshine. Put that song on the album.
2014-01-17 14:58:21 UTC,2014-01-17 15:11:15 UTC,774.078052,,69.165.147.199,18CloserWalkwithTheeSweetMo.mp3,HoochieCoochieManOutputStereoOut.mp3,HoochieCoochieManOutputStereoOut.mp3,
2014-01-17 16:03:39 UTC,2014-01-17 16:13:56 UTC,617.2015209,June,24.105.166.42,RocksinMyBedOutputStereoOutk.mp3,16TheSkyisCrying.mp3,RocksinMyBedOutputStereoOutk.mp3,
2014-01-17 16:13:56 UTC,2014-01-17 16:25:14 UTC,678.6274729,June,24.105.166.42,SummerTimeOutputStereoOut.mp3,ItsalrightwithmeOutputStereoOut.mp3,ItsalrightwithmeOutputStereoOut.mp3,"Love the tension in ""It's Alright."""
2014-01-17 16:25:46 UTC,2014-01-17 16:40:22 UTC,876.6711922,June,24.105.166.42,14YouareMySunshine.mp3,CloserWalkWithTheeOutputStereoOut.mp3,14YouareMySunshine.mp3,"Now, this is just not fair. Both, Sunshine and Closer Walk, please."
2014-01-17 16:40:22 UTC,2014-01-17 16:47:30 UTC,428.947129,June,24.105.166.42,SlowBoattoChinaOutputStereoOut.mp3,15SaintJamesSweetMo.mp3,15SaintJamesSweetMo.mp3,
2014-01-17 16:47:31 UTC,2014-01-17 17:11:53 UTC,1462.692042,June,24.105.166.42,16TheSkyisCrying.mp3,SweetSueOutputStereoOut.mp3,16TheSkyisCrying.mp3,
2014-01-17 17:11:53 UTC,2014-01-17 17:19:04 UTC,431.38691,June,24.105.166.42,BornLoverOutputStereoOut.mp3,13MessinwiththeKid.mp3,BornLoverOutputStereoOut.mp3,
2014-01-17 17:19:04 UTC,2014-01-17 17:29:18 UTC,614.269932,June,24.105.166.42,ItsalrightwithmeOutputStereoOut.mp3,18CloserWalkwithTheeSweetMo.mp3,18CloserWalkwithTheeSweetMo.mp3,You keep trying to tempt me away from Closer Walk. It won't happen. Especially the Sweet Mo version.
2014-01-17 17:29:18 UTC,2014-01-17 17:41:33 UTC,735.0858021,June,24.105.166.42,01TexasMoanerBlues.mp3,ItsalrightwithmeOutputStereoOut.mp3,01TexasMoanerBlues.mp3,"I just need to state for the record that ""who I love"" = Alex. These two songs fill such different niches, it is nearly impossible to choose. I might be slightly more likely to DJ Texas Moaner."
2014-01-17 17:41:33 UTC,2014-01-17 18:26:16 UTC,2683.865008,June,24.105.166.42,SweetSueOutputStereoOut.mp3,SlowBoattoChinaOutputStereoOut.mp3,SweetSueOutputStereoOut.mp3,"I do not have strong opinions about either of these songs. Obviously, this means that you should include ""Bring it on Home To Me"" instead."
2014-01-17 18:26:16 UTC,2014-01-17 18:36:10 UTC,594.7343659,June,24.105.166.42,JoshandMattDuoOutputStereoOut.mp3,RocksinMyBedOutputStereoOut1.mp3,RocksinMyBedOutputStereoOut1.mp3,
2014-01-17 18:36:10 UTC,2014-01-17 18:38:49 UTC,159.9620481,June,24.105.166.42,OneOfTheseMorningsOutputStereoOut.mp3,RocksinMyBedOutputStereoOut1.mp3,RocksinMyBedOutputStereoOut1.mp3,Grubby horns always win.
2014-01-17 18:38:50 UTC,2014-01-17 18:39:10 UTC,20.60636902,June,24.105.166.42,ItsalrightwithmeOutputStereoOut.mp3,WorkSongOutputStereoOut.mp3,WorkSongOutputStereoOut.mp3,
2014-01-17 18:39:10 UTC,2014-01-17 18:39:32 UTC,22.36814213,June,24.105.166.42,WorkSongOutputStereoOut.mp3,GeeBabyAintIgoodtoYouOutputStereoOut.mp3,WorkSongOutputStereoOut.mp3,
2014-01-17 18:39:32 UTC,2014-01-17 20:49:36 UTC,7804.249897,June,24.105.166.42,GeeBabyAintIgoodtoYouOutputStereoOut.mp3,JoshandMattDuoOutputStereoOut.mp3,GeeBabyAintIgoodtoYouOutputStereoOut.mp3,"Christ, I feel like I'm at the eye doctor's. I don't know! Number one! I guess!"
2014-01-17 21:53:51 UTC,2014-01-17 21:53:58 UTC,7.160015106,,205.233.39.2,SweetSueOutputStereoOut.mp3,15SaintJamesSweetMo.mp3,SweetSueOutputStereoOut.mp3,
2014-01-17 21:53:58 UTC,2014-01-17 21:54:02 UTC,4.281487942,,205.233.39.2,WorkSongOutputStereoOut.mp3,HoochieCoochieManOutputStereoOut.mp3,WorkSongOutputStereoOut.mp3,
2014-01-17 21:54:02 UTC,2014-01-17 21:54:04 UTC,2.942369938,,205.233.39.2,ToughTruckinOutputStereoOut.mp3,DoYouKnowWhatitMeansOutputStereoOut.mp3,DoYouKnowWhatitMeansOutputStereoOut.mp3,
2014-01-17 21:54:05 UTC,2014-01-17 21:54:08 UTC,3.03433919,,205.233.39.2,01TexasMoanerBlues.mp3,SlowBoattoChinaOutputStereoOut.mp3,SlowBoattoChinaOutputStereoOut.mp3,
2014-01-17 21:54:08 UTC,2014-01-17 21:54:10 UTC,2.561775208,,205.233.39.2,BornLoverOutputStereoOut.mp3,AllOfMeOutputStereoOut.mp3,AllOfMeOutputStereoOut.mp3,
2014-01-17 21:54:10 UTC,2014-01-17 21:54:15 UTC,5.076165915,,205.233.39.2,SisterKateOutputStereoOut.mp3,CloserWalkWithTheeOutputStereoOut.mp3,CloserWalkWithTheeOutputStereoOut.mp3,
2014-01-17 21:54:15 UTC,2014-01-17 21:54:17 UTC,2.21936202,,205.233.39.2,CenterpieceOutputStereoOut.mp3,BluesMyNaughtyOutputStereoOut.mp3,BluesMyNaughtyOutputStereoOut.mp3,
2014-01-17 21:54:17 UTC,2014-01-17 21:54:19 UTC,2.906350136,,205.233.39.2,02BlueDrag.mp3,17RocksinMyBedSweetMo.mp3,02BlueDrag.mp3,
2014-01-17 21:54:20 UTC,2014-01-17 21:54:23 UTC,3.404528141,,205.233.39.2,CloserWalkWithTheeOutputStereoOut.mp3,AllOfMeOutputStereoOut.mp3,CloserWalkWithTheeOutputStereoOut.mp3,
2014-01-17 21:54:23 UTC,2014-01-17 21:54:26 UTC,3.549101114,,205.233.39.2,13MessinwiththeKid.mp3,BornLoverOutputStereoOut.mp3,13MessinwiththeKid.mp3,
2014-01-17 21:54:26 UTC,2014-01-17 21:54:29 UTC,3.083879948,,205.233.39.2,HeyCupid.mp3,IveFoundanewbabyOutputStereoOut.mp3,IveFoundanewbabyOutputStereoOut.mp3,
2014-01-17 21:54:29 UTC,2014-01-17 21:54:33 UTC,4.286808014,,205.233.39.2,AllOfMeOutputStereoOut.mp3,CenterpieceOutputStereoOut.mp3,AllOfMeOutputStereoOut.mp3,
2014-01-17 21:54:33 UTC,2014-01-17 21:54:35 UTC,2.752066135,,205.233.39.2,ItsalrightwithmeOutputStereoOut.mp3,17RocksinMyBedSweetMo.mp3,ItsalrightwithmeOutputStereoOut.mp3,
2014-01-17 21:54:41 UTC,2014-01-17 21:54:44 UTC,3.312673092,,205.233.39.2,14YouareMySunshine.mp3,02BlueDrag.mp3,14YouareMySunshine.mp3,
2014-01-17 21:54:46 UTC,2014-01-17 21:54:49 UTC,3.631129026,,205.233.39.2,SexyandIknowit.mp3,DoYouKnowWhatitMeansOutputStereoOut.mp3,DoYouKnowWhatitMeansOutputStereoOut.mp3,
2014-01-17 21:54:49 UTC,2014-01-17 21:54:52 UTC,3.296617031,,205.233.39.2,CloserWalkWithTheeOutputStereoOut.mp3,ItsalrightwithmeOutputStereoOut.mp3,CloserWalkWithTheeOutputStereoOut.mp3,
2014-01-20 02:23:21 UTC,2014-01-20 02:37:29 UTC,848.3081391,,192.171.43.186,HeyCupid.mp3,PoisonOutputStereoOut.mp3,PoisonOutputStereoOut.mp3,
2014-01-20 02:37:29 UTC,2014-01-20 02:49:10 UTC,701.5293829,,192.171.43.186,17RocksinMyBedSweetMo.mp3,ItsalrightwithmeOutputStereoOut.mp3,17RocksinMyBedSweetMo.mp3,
2014-01-20 02:49:10 UTC,2014-01-20 02:56:20 UTC,430.6125062,,192.171.43.186,13MessinwiththeKid.mp3,RocksinMyBedOutputStereoOutk.mp3,RocksinMyBedOutputStereoOutk.mp3,
2014-01-20 02:56:20 UTC,2014-01-20 03:00:31 UTC,251.123961,,192.171.43.186,SlowBoattoChinaOutputStereoOut.mp3,PoisonOutputStereoOut.mp3,SlowBoattoChinaOutputStereoOut.mp3,
2014-01-20 03:00:31 UTC,2014-01-20 03:23:04 UTC,1353.812181,,192.171.43.186,GeeBabyAintIgoodtoYouOutputStereoOut.mp3,12GetonWithItSweetMo.mp3,GeeBabyAintIgoodtoYouOutputStereoOut.mp3,
2014-01-20 05:02:02 UTC,2014-01-20 05:12:58 UTC,656.8707662,,76.10.131.203,14YouareMySunshine.mp3,BornLoverOutputStereoOut.mp3,14YouareMySunshine.mp3,
2014-01-20 05:12:59 UTC,2014-01-20 05:43:03 UTC,1804.699542,,69.196.154.149,12GetonWithItSweetMo.mp3,OneOfTheseMorningsOutputStereoOut.mp3,OneOfTheseMorningsOutputStereoOut.mp3,
2014-01-20 05:43:03 UTC,2014-01-20 05:53:25 UTC,622.67716,,69.196.154.149,SweetSueOutputStereoOut.mp3,14YouareMySunshine.mp3,SweetSueOutputStereoOut.mp3,
2014-01-20 16:54:58 UTC,2014-01-20 17:15:40 UTC,1242.504727,,216.46.13.5,16TheSkyisCrying.mp3,DoYouKnowWhatitMeansOutputStereoOut.mp3,16TheSkyisCrying.mp3,
2014-01-20 17:15:40 UTC,2014-01-20 17:23:43 UTC,483.0448709,,216.46.13.5,PoisonOutputStereoOut.mp3,12GetonWithItSweetMo.mp3,12GetonWithItSweetMo.mp3,
2014-01-20 17:23:43 UTC,2014-01-20 17:25:13 UTC,90.6415,,216.46.13.5,12GetonWithItSweetMo.mp3,HeyCupid.mp3,12GetonWithItSweetMo.mp3,
2014-01-20 15:58:33 UTC,2014-01-20 17:36:08 UTC,5855.417583,Kevin,50.138.183.238,12GetonWithItSweetMo.mp3,SummerTimeOutputStereoOut.mp3,SummerTimeOutputStereoOut.mp3,
2014-01-20 17:36:08 UTC,2014-01-20 17:47:41 UTC,693.8892951,Kevin,50.138.183.238,BornLoverOutputStereoOut.mp3,ItsalrightwithmeOutputStereoOut.mp3,ItsalrightwithmeOutputStereoOut.mp3,
2014-01-20 17:25:13 UTC,2014-01-20 17:50:35 UTC,1522.705769,,216.46.13.5,SisterKateOutputStereoOut.mp3,15SaintJamesSweetMo.mp3,15SaintJamesSweetMo.mp3,
2014-01-20 17:47:41 UTC,2014-01-20 17:59:48 UTC,727.7826078,Kevin,50.138.183.238,SlowBoattoChinaOutputStereoOut.mp3,CloserWalkWithTheeOutputStereoOut.mp3,SlowBoattoChinaOutputStereoOut.mp3,
2014-01-20 17:59:48 UTC,2014-01-20 18:12:27 UTC,759.1489239,Kevin,50.138.183.238,SummerTimeOutputStereoOut.mp3,OneOfTheseMorningsOutputStereoOut.mp3,OneOfTheseMorningsOutputStereoOut.mp3,
2014-01-20 18:12:27 UTC,2014-01-20 18:25:51 UTC,804.2181199,Kevin,50.138.183.238,PoisonOutputStereoOut.mp3,07BlackandBlueSweetMo.mp3,07BlackandBlueSweetMo.mp3,
2014-01-20 18:25:51 UTC,2014-01-20 18:32:33 UTC,402.57004,Kevin,50.138.183.238,HeyCupid.mp3,PelicanDragOutputStereoOut.mp3,PelicanDragOutputStereoOut.mp3,
2014-01-20 18:32:33 UTC,2014-01-20 18:44:19 UTC,706.356684,Kevin,50.138.183.238,12GetonWithItSweetMo.mp3,ComesLoveOutputStereoOut.mp3,ComesLoveOutputStereoOut.mp3,
2014-01-20 17:50:36 UTC,2014-01-20 18:48:47 UTC,3491.690299,,216.46.13.5,16TheSkyisCrying.mp3,CloserWalkWithTheeOutputStereoOut.mp3,16TheSkyisCrying.mp3,
2014-01-20 18:48:47 UTC,2014-01-20 18:54:36 UTC,349.736758,,216.46.13.5,DoYouKnowWhatitMeansOutputStereoOut.mp3,SexyandIknowit.mp3,DoYouKnowWhatitMeansOutputStereoOut.mp3,
2014-01-20 18:44:19 UTC,2014-01-20 18:58:27 UTC,848.9707589,Kevin,50.138.183.238,OneOfTheseMorningsOutputStereoOut.mp3,CenterpieceOutputStereoOut.mp3,OneOfTheseMorningsOutputStereoOut.mp3,
2014-01-20 18:54:36 UTC,2014-01-20 19:09:33 UTC,897.121119,,216.46.13.5,AllOfMeOutputStereoOut.mp3,SweetSueOutputStereoOut.mp3,AllOfMeOutputStereoOut.mp3,both please :) (All Of Me + Sweet Sue)
2014-01-20 18:58:28 UTC,2014-01-20 19:10:03 UTC,695.2356369,Kevin,50.138.183.238,01TexasMoanerBlues.mp3,12GetonWithItSweetMo.mp3,01TexasMoanerBlues.mp3,
2014-01-20 19:10:03 UTC,2014-01-20 19:17:49 UTC,466.7335801,Kevin,50.138.183.238,16TheSkyisCrying.mp3,OneOfTheseMorningsOutputStereoOut.mp3,OneOfTheseMorningsOutputStereoOut.mp3,
2014-01-20 19:09:33 UTC,2014-01-20 19:35:06 UTC,1533.376099,,216.46.13.5,13MessinwiththeKid.mp3,SweetSueOutputStereoOut.mp3,SweetSueOutputStereoOut.mp3,
2014-01-20 19:35:06 UTC,2014-01-20 19:56:55 UTC,1309.103584,,216.46.13.5,ItsalrightwithmeOutputStereoOut.mp3,AllOfMeOutputStereoOut.mp3,AllOfMeOutputStereoOut.mp3,
2014-01-20 19:56:58 UTC,2014-01-20 20:06:12 UTC,554.8696289,,216.46.13.5,IveFoundanewbabyOutputStereoOut.mp3,RocksinMyBedOutputStereoOutk.mp3,RocksinMyBedOutputStereoOutk.mp3,
2014-01-20 20:06:13 UTC,2014-01-20 20:11:39 UTC,326.6847911,,216.46.13.5,HeyCupid.mp3,01TexasMoanerBlues.mp3,01TexasMoanerBlues.mp3,
2014-01-20 20:11:39 UTC,2014-01-20 20:57:10 UTC,2731.784547,,216.46.13.5,SummerTimeOutputStereoOut.mp3,HoochieCoochieManOutputStereoOut.mp3,HoochieCoochieManOutputStereoOut.mp3,
2014-01-20 20:57:10 UTC,2014-01-20 21:11:22 UTC,852.172399,,108.161.117.165,CenterpieceOutputStereoOut.mp3,AllOfMeOutputStereoOut.mp3,CenterpieceOutputStereoOut.mp3,
2014-01-20 21:16:24 UTC,2014-01-20 21:32:39 UTC,975.852994,Kevin,50.138.183.238,IveFoundanewbabyOutputStereoOut.mp3,SummerTimeOutputStereoOut.mp3,SummerTimeOutputStereoOut.mp3,
2014-01-20 23:17:17 UTC,2014-01-20 23:34:41 UTC,1044.10493,,108.161.117.165,SummerTimeOutputStereoOut.mp3,SlowBoattoChinaOutputStereoOut.mp3,SlowBoattoChinaOutputStereoOut.mp3,
2014-01-21 03:08:17 UTC,2014-01-21 03:24:22 UTC,965.1303282,,209.6.46.8,17RocksinMyBedSweetMo.mp3,CenterpieceOutputStereoOut.mp3,17RocksinMyBedSweetMo.mp3,
2014-01-21 13:56:28 UTC,2014-01-21 14:04:39 UTC,491.3992901,,69.165.142.78,OneOfTheseMorningsOutputStereoOut.mp3,AllOfMeOutputStereoOut.mp3,AllOfMeOutputStereoOut.mp3,
2014-01-21 14:04:39 UTC,2014-01-21 14:19:11 UTC,872.8037398,,69.165.142.78,CloserWalkWithTheeOutputStereoOut.mp3,HoochieCoochieManOutputStereoOut.mp3,HoochieCoochieManOutputStereoOut.mp3,
2014-01-21 14:19:12 UTC,2014-01-21 14:24:41 UTC,329.7905972,,69.165.142.78,SexyandIknowit.mp3,ItsalrightwithmeOutputStereoOut.mp3,ItsalrightwithmeOutputStereoOut.mp3,
2014-01-23 12:53:38 UTC,2014-01-23 13:05:33 UTC,715.152117,,184.175.17.13,ItsalrightwithmeOutputStereoOut.mp3,15SaintJamesSweetMo.mp3,15SaintJamesSweetMo.mp3,
2014-01-23 13:05:33 UTC,2014-01-23 13:16:13 UTC,640.3008649,,184.175.17.13,JoshandMattDuoOutputStereoOut.mp3,12GetonWithItSweetMo.mp3,12GetonWithItSweetMo.mp3,
2014-01-23 16:03:43 UTC,2014-01-23 16:24:26 UTC,1243.11067,Kevin,50.138.183.238,07BlackandBlueSweetMo.mp3,SisterKateOutputStereoOut.mp3,07BlackandBlueSweetMo.mp3,
2014-01-23 16:24:26 UTC,2014-01-23 16:32:20 UTC,474.8172631,Kevin,50.138.183.238,07BlackandBlueSweetMo.mp3,13MessinwiththeKid.mp3,07BlackandBlueSweetMo.mp3,
2014-01-23 16:32:21 UTC,2014-01-23 17:05:20 UTC,1979.036077,Kevin,50.138.183.238,GetonWithItOutputStereoOut.mp3,14YouareMySunshine.mp3,14YouareMySunshine.mp3,
2014-01-23 17:05:20 UTC,2014-01-23 19:10:38 UTC,7518.856049,Kevin,50.138.183.238,02BlueDrag.mp3,GetonWithItOutputStereoOut.mp3,02BlueDrag.mp3,
2014-01-23 19:10:38 UTC,2014-01-23 19:39:54 UTC,1756.076953,Kevin,50.138.183.238,ItsalrightwithmeOutputStereoOut.mp3,16TheSkyisCrying.mp3,ItsalrightwithmeOutputStereoOut.mp3,
2014-01-23 19:39:54 UTC,2014-01-23 19:58:17 UTC,1103.570092,Kevin,50.138.183.238,12GetonWithItSweetMo.mp3,GeeBabyAintIgoodtoYouOutputStereoOut.mp3,GeeBabyAintIgoodtoYouOutputStereoOut.mp3,
2014-01-23 19:58:17 UTC,2014-01-23 20:29:46 UTC,1889.495494,Kevin,50.138.183.238,SisterKateOutputStereoOut.mp3,ComesLoveOutputStereoOut.mp3,ComesLoveOutputStereoOut.mp3,
2014-01-23 20:29:46 UTC,2014-01-23 22:20:50 UTC,6664.026737,Kevin,50.138.183.238,12GetonWithItSweetMo.mp3,17RocksinMyBedSweetMo.mp3,12GetonWithItSweetMo.mp3,
2014-01-24 00:35:53 UTC,2014-01-24 00:40:06 UTC,253.9064419,,146.115.155.98,HoochieCoochieManOutputStereoOut.mp3,CloserWalkWithTheeOutputStereoOut.mp3,HoochieCoochieManOutputStereoOut.mp3,
2014-01-24 00:40:07 UTC,2014-01-24 00:46:14 UTC,367.3171871,,146.115.155.98,17RocksinMyBedSweetMo.mp3,BluesMyNaughtyOutputStereoOut.mp3,BluesMyNaughtyOutputStereoOut.mp3,
2014-01-24 03:10:33 UTC,2014-01-24 03:36:21 UTC,1548.375959,,184.175.2.204,WorkSongOutputStereoOut.mp3,AllOfMeOutputStereoOut.mp3,WorkSongOutputStereoOut.mp3,
2014-01-24 03:36:22 UTC,2014-01-24 04:05:01 UTC,1719.964739,,184.175.2.204,CenterpieceOutputStereoOut.mp3,ToughTruckinOutputStereoOut.mp3,ToughTruckinOutputStereoOut.mp3,
2014-01-24 14:24:37 UTC,2014-01-24 14:37:05 UTC,748.6664178,,108.175.224.55,SlowBoattoChinaOutputStereoOut.mp3,SummerTimeOutputStereoOut.mp3,SummerTimeOutputStereoOut.mp3,
2014-01-24 18:09:13 UTC,2014-01-24 18:24:02 UTC,889.1835468,,71.232.21.6,SummerTimeOutputStereoOut.mp3,SweetSueOutputStereoOut.mp3,SummerTimeOutputStereoOut.mp3,
2014-01-24 18:27:36 UTC,2014-01-24 18:32:34 UTC,298.4444621,,170.63.14.200,07BlackandBlueSweetMo.mp3,DoYouKnowWhatitMeansOutputStereoOut.mp3,DoYouKnowWhatitMeansOutputStereoOut.mp3,
2014-01-24 18:32:34 UTC,2014-01-24 18:34:32 UTC,118.9932179,,170.63.14.200,DoYouKnowWhatitMeansOutputStereoOut.mp3,PoisonOutputStereoOut.mp3,PoisonOutputStereoOut.mp3,
2014-01-24 18:34:34 UTC,2014-01-24 18:35:23 UTC,49.54853296,,170.63.14.200,SaintJamesInfirmaryOutputStereoOut.mp3,CenterpieceOutputStereoOut.mp3,CenterpieceOutputStereoOut.mp3,
2014-01-24 18:35:23 UTC,2014-01-24 18:36:25 UTC,62.08888006,,170.63.14.200,DoYouKnowWhatitMeansOutputStereoOut.mp3,18CloserWalkwithTheeSweetMo.mp3,18CloserWalkwithTheeSweetMo.mp3,
2014-01-20 21:32:39 UTC,2014-01-25 00:43:01 UTC,357022.6413,Kevin,50.138.183.238,07BlackandBlueSweetMo.mp3,SaintJamesInfirmaryOutputStereoOut.mp3,07BlackandBlueSweetMo.mp3,
2014-01-23 22:20:50 UTC,2014-01-25 00:52:39 UTC,95509.80351,Kevin,50.138.183.238,16TheSkyisCrying.mp3,BluesMyNaughtyOutputStereoOut.mp3,BluesMyNaughtyOutputStereoOut.mp3,
2014-01-25 01:27:40 UTC,2014-01-25 01:34:58 UTC,438.1757078,,74.56.2.61,18CloserWalkwithTheeSweetMo.mp3,RocksinMyBedOutputStereoOutk.mp3,RocksinMyBedOutputStereoOutk.mp3,
2014-01-25 17:07:38 UTC,2014-01-25 17:09:43 UTC,125.1766989,,70.30.248.11,07BlackandBlueSweetMo.mp3,BornLoverOutputStereoOut.mp3,07BlackandBlueSweetMo.mp3,
2014-01-25 17:09:43 UTC,2014-01-25 17:11:31 UTC,108.9783249,,70.30.248.11,PelicanDragOutputStereoOut.mp3,DarkEyesOutputStereoOut.mp3,DarkEyesOutputStereoOut.mp3,"Defintely this one has to be on it, the ending is just too awesome!"
2014-01-25 17:11:32 UTC,2014-01-25 17:12:26 UTC,54.24910593,,70.30.248.11,JoshandMattDuoOutputStereoOut.mp3,RocksinMyBedOutputStereoOut1.mp3,JoshandMattDuoOutputStereoOut.mp3,Josh has an awesome voice. I think this one showcases it best
2014-01-25 17:12:26 UTC,2014-01-25 17:13:00 UTC,34.46891284,,70.30.248.11,07BlackandBlueSweetMo.mp3,ItsalrightwithmeOutputStereoOut.mp3,ItsalrightwithmeOutputStereoOut.mp3,
2014-01-25 17:13:00 UTC,2014-01-25 17:13:40 UTC,40.13800597,,70.30.248.11,GetonWithItOutputStereoOut.mp3,02BlueDrag.mp3,02BlueDrag.mp3,
2014-01-25 17:13:40 UTC,2014-01-25 17:13:55 UTC,15.12093306,,70.30.248.11,RocksinMyBedOutputStereoOutk.mp3,JoshandMattDuoOutputStereoOut.mp3,JoshandMattDuoOutputStereoOut.mp3,
2014-01-25 17:13:55 UTC,2014-01-25 17:14:18 UTC,23.27301288,,70.30.248.11,PoisonOutputStereoOut.mp3,PelicanDragOutputStereoOut.mp3,PoisonOutputStereoOut.mp3,
2014-01-25 17:14:18 UTC,2014-01-25 17:14:31 UTC,13.77082705,,70.30.248.11,SweetSueOutputStereoOut.mp3,GetonWithItOutputStereoOut.mp3,SweetSueOutputStereoOut.mp3,
2014-01-25 17:14:31 UTC,2014-01-25 17:14:43 UTC,12.83519888,,70.30.248.11,OneOfTheseMorningsOutputStereoOut.mp3,JoshandMattDuoOutputStereoOut.mp3,JoshandMattDuoOutputStereoOut.mp3,
2014-01-25 17:14:43 UTC,2014-01-25 17:15:04 UTC,21.24610901,,70.30.248.11,ToughTruckinOutputStereoOut.mp3,07BlackandBlueSweetMo.mp3,ToughTruckinOutputStereoOut.mp3,
2014-01-25 17:15:04 UTC,2014-01-25 18:22:04 UTC,4020.576486,,70.30.248.11,BornLoverOutputStereoOut.mp3,DarkEyesOutputStereoOut.mp3,DarkEyesOutputStereoOut.mp3,"Whatever you do, make sure this song is on the album!"
2014-01-25 18:22:04 UTC,2014-01-25 19:25:49 UTC,3825.19443,,70.30.255.10,17RocksinMyBedSweetMo.mp3,BornLoverOutputStereoOut.mp3,17RocksinMyBedSweetMo.mp3,
2014-01-25 19:25:49 UTC,2014-01-25 19:26:04 UTC,15.20134616,,70.30.255.10,RocksinMyBedOutputStereoOut1.mp3,18CloserWalkwithTheeSweetMo.mp3,18CloserWalkwithTheeSweetMo.mp3,
2014-01-25 19:26:04 UTC,2014-01-25 19:26:20 UTC,16.27986002,,70.30.255.10,12GetonWithItSweetMo.mp3,16TheSkyisCrying.mp3,16TheSkyisCrying.mp3,
2014-01-25 19:26:20 UTC,2014-01-25 19:26:34 UTC,14.00952101,,70.30.255.10,PelicanDragOutputStereoOut.mp3,JoshandMattDuoOutputStereoOut.mp3,JoshandMattDuoOutputStereoOut.mp3,
2014-01-25 19:26:34 UTC,2014-01-25 19:27:07 UTC,33.25750303,,70.30.255.10,AllOfMeOutputStereoOut.mp3,SexyandIknowit.mp3,AllOfMeOutputStereoOut.mp3,
2014-01-25 19:27:07 UTC,2014-01-25 19:27:24 UTC,17.01466799,,70.30.255.10,12GetonWithItSweetMo.mp3,14YouareMySunshine.mp3,14YouareMySunshine.mp3,
2014-01-25 19:27:24 UTC,2014-01-25 19:27:37 UTC,13.54015207,,70.30.255.10,OneOfTheseMorningsOutputStereoOut.mp3,AllOfMeOutputStereoOut.mp3,AllOfMeOutputStereoOut.mp3,
2014-01-25 19:27:37 UTC,2014-01-25 19:27:54 UTC,17.56043386,,70.30.255.10,18CloserWalkwithTheeSweetMo.mp3,12GetonWithItSweetMo.mp3,18CloserWalkwithTheeSweetMo.mp3,
2014-01-25 19:27:54 UTC,2014-01-25 19:28:17 UTC,23.53305387,,70.30.255.10,HeyCupid.mp3,GetonWithItOutputStereoOut.mp3,GetonWithItOutputStereoOut.mp3,
2014-01-25 19:28:17 UTC,2014-01-25 19:28:56 UTC,39.73251104,,70.30.255.10,SaintJamesInfirmaryOutputStereoOut.mp3,SummerTimeOutputStereoOut.mp3,SaintJamesInfirmaryOutputStereoOut.mp3,
2014-01-25 19:54:17 UTC,2014-01-25 20:05:16 UTC,659.044435,,75.119.233.244,SweetSueOutputStereoOut.mp3,ToughTruckinOutputStereoOut.mp3,SweetSueOutputStereoOut.mp3,
2014-01-25 20:05:16 UTC,2014-01-25 20:22:28 UTC,1032.775428,,75.119.233.244,SweetSueOutputStereoOut.mp3,GetonWithItOutputStereoOut.mp3,SweetSueOutputStereoOut.mp3,
2014-01-25 20:22:28 UTC,2014-01-25 20:42:59 UTC,1231.35408,,75.119.233.244,SlowBoattoChinaOutputStereoOut.mp3,01TexasMoanerBlues.mp3,01TexasMoanerBlues.mp3,
2014-01-27 00:32:30 UTC,2014-01-27 00:53:07 UTC,1237.182394,,69.196.171.22,SummerTimeOutputStereoOut.mp3,OneOfTheseMorningsOutputStereoOut.mp3,SummerTimeOutputStereoOut.mp3,
2014-01-27 00:53:07 UTC,2014-01-27 01:01:02 UTC,475.891659,,69.196.171.22,ToughTruckinOutputStereoOut.mp3,AllOfMeOutputStereoOut.mp3,ToughTruckinOutputStereoOut.mp3,
2014-01-27 01:01:03 UTC,2014-01-27 01:14:37 UTC,814.6814699,,69.196.171.22,HeyCupid.mp3,15SaintJamesSweetMo.mp3,15SaintJamesSweetMo.mp3,
2014-01-27 01:14:37 UTC,2014-01-27 01:59:00 UTC,2663.641568,,69.196.171.22,16TheSkyisCrying.mp3,15SaintJamesSweetMo.mp3,16TheSkyisCrying.mp3,
2014-01-27 01:59:00 UTC,2014-01-27 02:14:44 UTC,944.3943691,,69.196.171.22,IveFoundanewbabyOutputStereoOut.mp3,SlowBoattoChinaOutputStereoOut.mp3,IveFoundanewbabyOutputStereoOut.mp3,
2014-01-27 02:14:44 UTC,2014-01-27 02:50:45 UTC,2161.414775,,69.196.171.22,RocksinMyBedOutputStereoOutk.mp3,RocksinMyBedOutputStereoOut1.mp3,RocksinMyBedOutputStereoOutk.mp3,
2014-01-27 02:50:45 UTC,2014-01-27 03:01:11 UTC,626.2042089,,216.46.13.5,13MessinwiththeKid.mp3,OntheSunnySideoftheStreetOutputStereoOut.mp3,13MessinwiththeKid.mp3,
2014-01-27 03:01:11 UTC,2014-01-27 03:06:07 UTC,296.8970199,,216.46.13.5,WorkSongOutputStereoOut.mp3,13MessinwiththeKid.mp3,WorkSongOutputStereoOut.mp3,
2014-01-27 03:08:38 UTC,2014-01-27 03:14:28 UTC,350.06669,,209.6.95.213,ComesLoveOutputStereoOut.mp3,15SaintJamesSweetMo.mp3,15SaintJamesSweetMo.mp3,
2014-01-27 04:06:36 UTC,2014-01-27 04:08:19 UTC,103.262151,,209.6.95.213,PoisonOutputStereoOut.mp3,02BlueDrag.mp3,PoisonOutputStereoOut.mp3,Put some version of Poison on the album
2014-01-27 13:27:28 UTC,2014-01-27 13:36:36 UTC,548.7803049,,69.165.134.73,01TexasMoanerBlues.mp3,RocksinMyBedOutputStereoOut1.mp3,01TexasMoanerBlues.mp3,
2014-01-27 13:36:36 UTC,2014-01-27 13:41:19 UTC,283.5413339,,69.165.134.73,PelicanDragOutputStereoOut.mp3,HeyCupid.mp3,PelicanDragOutputStereoOut.mp3,
2014-01-27 14:29:02 UTC,2014-01-27 14:34:39 UTC,337.4061351,,206.83.81.178,14YouareMySunshine.mp3,GeeBabyAintIgoodtoYouOutputStereoOut.mp3,GeeBabyAintIgoodtoYouOutputStereoOut.mp3,
2014-01-27 14:37:47 UTC,2014-01-27 15:21:31 UTC,2624.55994,,206.83.81.178,02BlueDrag.mp3,JoshandMattDuoOutputStereoOut.mp3,02BlueDrag.mp3,
2014-01-27 15:21:31 UTC,2014-01-27 15:21:44 UTC,13.17476821,,206.83.81.178,01TexasMoanerBlues.mp3,ComesLoveOutputStereoOut.mp3,01TexasMoanerBlues.mp3,
2014-01-27 15:21:44 UTC,2014-01-27 15:22:13 UTC,29.2721889,,206.83.81.178,02BlueDrag.mp3,HeyCupid.mp3,02BlueDrag.mp3,
2014-01-27 15:48:29 UTC,2014-01-27 16:04:41 UTC,972.0861719,Kevin,50.138.183.238,SummerTimeOutputStereoOut.mp3,CloserWalkWithTheeOutputStereoOut.mp3,SummerTimeOutputStereoOut.mp3,
2014-01-27 16:04:41 UTC,2014-01-27 17:14:36 UTC,4195.993928,Kevin,50.138.183.238,CenterpieceOutputStereoOut.mp3,GeeBabyAintIgoodtoYouOutputStereoOut.mp3,CenterpieceOutputStereoOut.mp3,
2014-01-27 17:14:37 UTC,2014-01-28 15:12:12 UTC,79055.24558,Kevin,50.138.183.238,18CloserWalkwithTheeSweetMo.mp3,JoshandMattDuoOutputStereoOut.mp3,18CloserWalkwithTheeSweetMo.mp3,
2014-01-28 15:12:12 UTC,2014-01-28 21:03:08 UTC,21056.38068,Kevin,50.138.183.238,PoisonOutputStereoOut.mp3,ItsalrightwithmeOutputStereoOut.mp3,ItsalrightwithmeOutputStereoOut.mp3,
2014-01-29 15:27:13 UTC,2014-01-29 15:35:51 UTC,518.338824,Kevin,50.138.183.238,15SaintJamesSweetMo.mp3,OneOfTheseMorningsOutputStereoOut.mp3,15SaintJamesSweetMo.mp3,
2014-01-29 15:35:51 UTC,2014-01-29 15:45:52 UTC,601.6141729,Kevin,50.138.183.238,BornLoverOutputStereoOut.mp3,18CloserWalkwithTheeSweetMo.mp3,18CloserWalkwithTheeSweetMo.mp3,
2014-01-31 06:17:23 UTC,2014-01-31 06:17:31 UTC,8.599084139,,206.248.170.55,01TexasMoanerBlues.mp3,JoshandMattDuoOutputStereoOut.mp3,01TexasMoanerBlues.mp3,
2014-01-31 06:17:31 UTC,2014-01-31 06:24:10 UTC,399.790381,,206.248.170.55,12GetonWithItSweetMo.mp3,01TexasMoanerBlues.mp3,12GetonWithItSweetMo.mp3,
2014-01-31 06:24:10 UTC,2014-01-31 06:33:15 UTC,545.2169621,,206.248.170.55,PoisonOutputStereoOut.mp3,SaintJamesInfirmaryOutputStereoOut.mp3,SaintJamesInfirmaryOutputStereoOut.mp3,
2014-01-31 06:33:15 UTC,2014-01-31 06:50:31 UTC,1036.53542,,206.248.170.55,DarkEyesOutputStereoOut.mp3,02BlueDrag.mp3,02BlueDrag.mp3,
2014-01-31 06:50:31 UTC,2014-01-31 06:59:47 UTC,556.0258369,,206.248.170.55,SlowBoattoChinaOutputStereoOut.mp3,16TheSkyisCrying.mp3,16TheSkyisCrying.mp3,Bootth are amaaaaazing.
2014-01-31 06:59:47 UTC,2014-01-31 07:03:29 UTC,222.7105269,,206.248.170.55,18CloserWalkwithTheeSweetMo.mp3,HoochieCoochieManOutputStereoOut.mp3,HoochieCoochieManOutputStereoOut.mp3,
2014-01-31 07:03:29 UTC,2014-01-31 07:05:08 UTC,99.69787812,,206.248.170.55,RocksinMyBedOutputStereoOutk.mp3,SexyandIknowit.mp3,RocksinMyBedOutputStereoOutk.mp3,
2014-02-01 21:40:42 UTC,2014-02-01 21:44:20 UTC,218.051142,,206.248.170.59,PoisonOutputStereoOut.mp3,SweetSueOutputStereoOut.mp3,SweetSueOutputStereoOut.mp3,
2014-02-01 21:44:20 UTC,2014-02-01 22:05:05 UTC,1245.68929,,206.248.170.59,GeeBabyAintIgoodtoYouOutputStereoOut.mp3,SisterKateOutputStereoOut.mp3,SisterKateOutputStereoOut.mp3,
2014-02-01 22:05:06 UTC,2014-02-01 22:09:24 UTC,258.2002821,,206.248.170.59,AllOfMeOutputStereoOut.mp3,SisterKateOutputStereoOut.mp3,AllOfMeOutputStereoOut.mp3,
2014-02-01 22:09:25 UTC,2014-02-01 22:15:04 UTC,339.236331,,206.248.170.59,17RocksinMyBedSweetMo.mp3,ComesLoveOutputStereoOut.mp3,17RocksinMyBedSweetMo.mp3,
2014-02-01 22:15:04 UTC,2014-02-01 22:18:41 UTC,217.744386,,206.248.170.59,ToughTruckinOutputStereoOut.mp3,HeyCupid.mp3,ToughTruckinOutputStereoOut.mp3,
2014-02-03 19:40:12 UTC,2014-02-03 19:42:42 UTC,150.9209149,,76.64.147.211,HoochieCoochieManOutputStereoOut.mp3,IveFoundanewbabyOutputStereoOut.mp3,HoochieCoochieManOutputStereoOut.mp3,
2014-02-03 19:42:43 UTC,2014-02-03 19:44:48 UTC,125.5647759,,76.64.147.211,OntheSunnySideoftheStreetOutputStereoOut.mp3,15SaintJamesSweetMo.mp3,15SaintJamesSweetMo.mp3,
2014-02-03 19:44:48 UTC,2014-02-03 20:03:26 UTC,1118.812648,,76.64.147.211,SlowBoattoChinaOutputStereoOut.mp3,PoisonOutputStereoOut.mp3,SlowBoattoChinaOutputStereoOut.mp3,
2014-02-03 20:03:26 UTC,2014-02-03 20:19:52 UTC,986.0067141,,76.64.147.211,WorkSongOutputStereoOut.mp3,AllOfMeOutputStereoOut.mp3,AllOfMeOutputStereoOut.mp3,
2014-02-04 01:09:24 UTC,2014-02-04 01:10:47 UTC,83.28049517,,50.157.206.80,13MessinwiththeKid.mp3,OntheSunnySideoftheStreetOutputStereoOut.mp3,13MessinwiththeKid.mp3,
2014-02-05 15:09:24 UTC,2014-02-05 15:23:16 UTC,832.843945,Kevin,50.138.183.238,JoshandMattDuoOutputStereoOut.mp3,CenterpieceOutputStereoOut.mp3,CenterpieceOutputStereoOut.mp3,
2014-02-05 15:23:16 UTC,2014-02-05 15:35:02 UTC,706.6229389,Kevin,50.138.183.238,SweetSueOutputStereoOut.mp3,OntheSunnySideoftheStreetOutputStereoOut.mp3,SweetSueOutputStereoOut.mp3,
2014-02-05 15:35:02 UTC,2014-02-05 15:41:43 UTC,401.355577,Kevin,50.138.183.238,CenterpieceOutputStereoOut.mp3,OneOfTheseMorningsOutputStereoOut.mp3,OneOfTheseMorningsOutputStereoOut.mp3,
2014-02-05 15:41:43 UTC,2014-02-05 15:55:17 UTC,814.3308501,Kevin,50.138.183.238,IveFoundanewbabyOutputStereoOut.mp3,BornLoverOutputStereoOut.mp3,IveFoundanewbabyOutputStereoOut.mp3,
2014-02-06 16:24:53 UTC,2014-02-06 16:32:10 UTC,437.2270851,,216.46.13.5,18CloserWalkwithTheeSweetMo.mp3,SexyandIknowit.mp3,18CloserWalkwithTheeSweetMo.mp3,
2014-02-06 16:32:10 UTC,2014-02-06 16:53:17 UTC,1267.162164,,216.46.13.5,07BlackandBlueSweetMo.mp3,SaintJamesInfirmaryOutputStereoOut.mp3,SaintJamesInfirmaryOutputStereoOut.mp3,
2014-02-06 16:53:17 UTC,2014-02-06 17:04:02 UTC,645.2253981,,216.46.13.5,07BlackandBlueSweetMo.mp3,SweetSueOutputStereoOut.mp3,SweetSueOutputStereoOut.mp3,
2014-02-07 15:06:08 UTC,2014-02-07 15:59:28 UTC,3200.96834,Kevin,50.138.183.238,14YouareMySunshine.mp3,ComesLoveOutputStereoOut.mp3,14YouareMySunshine.mp3,
2014-02-07 15:59:29 UTC,2014-02-10 15:40:47 UTC,258078.2203,Kevin,50.138.183.238,01TexasMoanerBlues.mp3,DarkEyesOutputStereoOut.mp3,DarkEyesOutputStereoOut.mp3,
2014-02-10 15:40:47 UTC,2014-02-10 15:50:26 UTC,579.291971,Kevin,50.138.183.238,SaintJamesInfirmaryOutputStereoOut.mp3,AllOfMeOutputStereoOut.mp3,AllOfMeOutputStereoOut.mp3,
2014-02-10 15:50:26 UTC,2014-02-10 16:01:18 UTC,652.870944,Kevin,50.138.183.238,CloserWalkWithTheeOutputStereoOut.mp3,14YouareMySunshine.mp3,14YouareMySunshine.mp3,
2014-02-10 16:01:19 UTC,2014-02-10 16:16:02 UTC,883.1263108,Kevin,50.138.183.238,15SaintJamesSweetMo.mp3,HoochieCoochieManOutputStereoOut.mp3,15SaintJamesSweetMo.mp3,
2014-02-10 16:16:02 UTC,2014-02-10 16:28:21 UTC,739.241935,Kevin,50.138.183.238,BluesMyNaughtyOutputStereoOut.mp3,PelicanDragOutputStereoOut.mp3,PelicanDragOutputStereoOut.mp3,
2014-02-10 16:28:21 UTC,2014-02-10 16:40:41 UTC,740.8971,Kevin,50.138.183.238,PelicanDragOutputStereoOut.mp3,CenterpieceOutputStereoOut.mp3,PelicanDragOutputStereoOut.mp3,
2014-02-10 16:40:41 UTC,2014-02-12 20:51:06 UTC,187825.4603,Kevin,50.138.183.238,SummerTimeOutputStereoOut.mp3,SaintJamesInfirmaryOutputStereoOut.mp3,SummerTimeOutputStereoOut.mp3,
2014-02-22 12:50:42 UTC,2014-02-22 12:50:48 UTC,6.483469009,,96.238.108.130,OntheSunnySideoftheStreetOutputStereoOut.mp3,SisterKateOutputStereoOut.mp3,OntheSunnySideoftheStreetOutputStereoOut.mp3,
2014-02-22 12:50:48 UTC,2014-02-22 12:51:28 UTC,40.97490692,,96.238.108.130,SaintJamesInfirmaryOutputStereoOut.mp3,OneOfTheseMorningsOutputStereoOut.mp3,OneOfTheseMorningsOutputStereoOut.mp3,
2014-02-26 02:29:48 UTC,2014-02-26 02:31:03 UTC,75.13402104,,96.237.76.20,DoYouKnowWhatitMeansOutputStereoOut.mp3,IveFoundanewbabyOutputStereoOut.mp3,IveFoundanewbabyOutputStereoOut.mp3,
2014-02-26 02:31:03 UTC,2014-02-26 02:31:57 UTC,54.64628005,,96.237.76.20,GeeBabyAintIgoodtoYouOutputStereoOut.mp3,GetonWithItOutputStereoOut.mp3,GetonWithItOutputStereoOut.mp3,
2014-02-26 02:31:57 UTC,2014-02-26 02:32:27 UTC,30.08589315,,96.237.76.20,IveFoundanewbabyOutputStereoOut.mp3,AllOfMeOutputStereoOut.mp3,IveFoundanewbabyOutputStereoOut.mp3,
2014-02-26 02:32:27 UTC,2014-02-26 02:33:03 UTC,36.278332,,96.237.76.20,02BlueDrag.mp3,ItsalrightwithmeOutputStereoOut.mp3,ItsalrightwithmeOutputStereoOut.mp3,
2014-02-26 02:33:03 UTC,2014-02-26 02:33:46 UTC,43.93274283,,96.237.76.20,17RocksinMyBedSweetMo.mp3,GeeBabyAintIgoodtoYouOutputStereoOut.mp3,17RocksinMyBedSweetMo.mp3,
2014-02-26 02:33:47 UTC,2014-02-26 02:34:31 UTC,44.20422816,,96.237.76.20,PoisonOutputStereoOut.mp3,02BlueDrag.mp3,PoisonOutputStereoOut.mp3,
2014-02-26 02:34:31 UTC,2014-02-26 02:34:37 UTC,6.255678892,,96.237.76.20,PoisonOutputStereoOut.mp3,DoYouKnowWhatitMeansOutputStereoOut.mp3,DoYouKnowWhatitMeansOutputStereoOut.mp3,
2014-02-26 02:34:37 UTC,2014-02-26 02:35:10 UTC,33.06373882,,96.237.76.20,ToughTruckinOutputStereoOut.mp3,15SaintJamesSweetMo.mp3,ToughTruckinOutputStereoOut.mp3,
2014-02-26 02:35:10 UTC,2014-02-26 02:35:25 UTC,15.86759901,,96.237.76.20,WorkSongOutputStereoOut.mp3,RocksinMyBedOutputStereoOut1.mp3,RocksinMyBedOutputStereoOut1.mp3,
2014-03-31 11:11:31 UTC,2014-03-31 11:21:49 UTC,618.3471518,,108.161.126.216,OneOfTheseMorningsOutputStereoOut.mp3,16TheSkyisCrying.mp3,16TheSkyisCrying.mp3,
2014-03-31 18:18:46 UTC,2014-03-31 18:28:04 UTC,558.8001332,,72.14.228.129,01TexasMoanerBlues.mp3,15SaintJamesSweetMo.mp3,15SaintJamesSweetMo.mp3,
2014-03-31 18:28:04 UTC,2014-03-31 18:32:43 UTC,279.648695,,72.14.228.129,07BlackandBlueSweetMo.mp3,CenterpieceOutputStereoOut.mp3,07BlackandBlueSweetMo.mp3,
2014-04-03 21:53:48 UTC,2014-04-03 21:54:33 UTC,45.45576906,Kevin,50.138.183.238,SlowBoattoChinaOutputStereoOut.mp3,13MessinwiththeKid.mp3,SlowBoattoChinaOutputStereoOut.mp3,Yay